level	word	pinyin	rank
1	爱	ài	130
1	八	bā	1362
1	爸爸	bàba	908
1	吧	ba	58
1	白天	báitiān	3645
1	百	bǎi	2455
1	半	bàn	727
4	半	bàn	727
1	包子	bāozi	16315
1	杯子	bēizi	6162
1	本	běn	222
1	边	biān	803
1	病	bìng	827
1	不	bù	9
1	不客气	búkèqi	16723
1	不要	búyào	221
1	菜	cài	1448
1	茶	chá	1910
1	唱	chàng	813
1	超市	chāoshì	4427
1	车	chē	186
1	吃	chī	142
1	出租车	chūzūchē	2677
1	穿	chuān	430
1	打电话	dǎdiànhuà	1218
1	大	dà	66
1	大家	dàjiā	189
1	大学	dàxué	814
1	大学生	dàxuéshēng	4422
1	到	dào	29
1	的	de	1
1	第	dì	962
1	弟弟	dìdi	2424
1	点	diǎn	58
3	点	diǎn	58
1	店	diàn	732
1	电话	diànhuà	359
1	电脑	diànnǎo	946
1	电视	diànshì	779
1	电影	diànyǐng	546
1	电影院	diànyǐngyuàn	7945
1	东西	dōngxi	226
1	都	dōu	25
1	读	dú	1013
1	读书	dúshū	3285
1	对	duì	28
4	对	duì	28
1	对不起	duìbuqǐ	1577
1	多	duō	80
2	多	duō	80
1	多少	duōshao	526
1	儿子	érzi	665
1	二	èr	664
1	饭	fàn	1529
1	饭店	fàndiàn	3998
1	房间	fángjiān	1357
1	非常	fēicháng	194
1	飞机	fēijī	1067
1	分	fēn	372
3	分	fēn	372
1	分钟	fēnzhōng	465
1	高兴	gāoxìng	920
1	歌	gē	702
1	哥哥	gēge	1655
1	个	gè	19
1	给	gěi	46
2	给	gěi	46
1	公司	gōngsī	220
1	工作	gōngzuò	111
1	狗	gǒu	620
1	贵	guì	2239
1	国	guó	1527
1	还	hái	37
1	孩子	háizi	207
1	汉语	Hànyǔ	13422
1	汉字	Hànzì	19725
1	好	hǎo	20
2	好	hǎo	20
4	好	hǎo	20
1	好吃	hǎochī	2484
1	好看	hǎokàn	1877
1	好听	hǎotīng	4355
1	好玩儿	hǎowánr	23411
1	号	hào	278
1	喝	hē	428
1	和	hé	19
1	很	hěn	35
1	后	hòu	115
1	回	huí	225
3	回	huí	225
1	会	huì	23
1	火车	huǒchē	2791
1	鸡蛋	jīdàn	3501
1	几	jǐ	178
1	家	jiā	124
3	家	jiā	124
1	家人	jiārén	1562
1	见	jiàn	178
1	件	jiàn	292
1	饺子	jiǎozi	11834
1	叫	jiào	200
4	叫	jiào	200
1	姐姐	jiějie	1513
1	今年	jīnnián	851
1	今天	jīntiān	155
1	九	jiǔ	2040
1	觉得	juéde	161
1	开	kāi	195
1	开车	kāichē	2670
1	看	kàn	52
1	看病	kànbìng	7705
1	看见	kànjiàn	870
1	可以	kěyǐ	58
1	课	kè	1517
1	口	kǒu	637
1	块	kuài	483
1	来	lái	31
1	老师	lǎoshī	799
1	了	le	3
1	冷	lěng	1027
1	里	lǐ	75
1	两	liǎng	81
1	零	líng	3623
1	六	liù	802
1	妈妈	māma	527
1	吗	ma	83
1	买	mǎi	240
1	卖	mài	590
1	忙	máng	859
1	猫	māo	1150
1	没关系	méiguānxi	3541
1	没事	méishì	
1	没有	méiyǒu	46
1	妹妹	mèimei	2093
1	们	men	457
1	米饭	mǐfàn	10194
1	面包	miànbāo	4138
1	面条儿	miàntiáor	1000000
1	明年	míngnián	2487
1	明天	míngtiān	469
1	名字	míngzi	829
1	哪	nǎ	547
1	哪个	nǎge	
1	哪里	nǎlǐ	750
1	哪儿	nǎr	2534
1	哪些	nǎxiē	3741
1	那	nà	48
2	那	nà	48
1	那边	nàbiān	2415
1	那个	nàge	
1	那里	nàlǐ	770
1	那儿	nàr	3421
1	那些	nàxiē	326
1	男	nán	587
1	男朋友	nánpéngyou	3176
1	呢	ne	96
1	能	néng	46
1	你	nǐ	5
1	你好	nǐhǎo	
1	你们	nǐmen	127
1	年	nián	79
1	您	nín	357
1	牛奶	niúnǎi	2986
1	女	nǚ	368
1	女儿	nǚ’ér	879
1	女朋友	nǚpéngyou	3004
1	女士	nǚshì	2155
1	朋友	péngyou	280
1	便宜	piányi	2814
1	漂亮	piàoliang	915
1	苹果	píngguǒ	2562
1	七	qī	1419
1	起床	qǐchuáng	2645
1	千	qiān	1728
1	前	qián	127
1	钱	qián	218
1	请	qǐng	216
1	请问	qǐngwèn	3689
1	去	qù	38
1	去年	qùnián	933
1	热	rè	938
1	人	rén	19
1	认识	rènshi	463
1	日	rì	395
4	日	rì	395
1	三	sān	233
1	商店	shāngdiàn	3479
1	上	shàng	29
1	上班	shàngbān	1495
1	上课	shàngkè	3042
1	上午	shàngwǔ	2188
1	上学	shàngxué	2965
1	少	shǎo	538
1	谁	shéi/shuí	142
1	什么	shénme	55
1	生病	shēngbìng	4336
1	十	shí	865
1	时候	shíhou	107
1	时间	shíjiān	127
1	事	shì	113
1	是	shì	4
1	手机	shǒujī	857
1	书	shū	560
1	书店	shūdiàn	7174
1	水	shuǐ	335
1	水果	shuǐguǒ	3271
1	睡	shuì	464
1	睡觉	shuìjiào	944
1	说	shuō	19
1	说话	shuōhuà	880
1	四	sì	481
1	岁	suì	266
1	他	tā	10
1	它	tā	114
1	她	tā	38
1	他们	tāmen	49
1	它们	tāmen	793
1	她们	tāmen	836
1	太	tài	87
1	天	tiān	83
1	天气	tiānqì	1675
1	听	tīng	190
1	听见	tīngjiàn	3114
1	同学	tóngxué	1828
1	外	wài	489
1	外边	wàibian	12319
1	玩	wán	415
1	晚	wǎn	558
1	晚饭	wǎnfàn	3794
1	晚上	wǎnshang	502
1	喂	wèi	1301
1	问	wèn	246
1	问题	wèntí	109
1	我	wǒ	3
1	我们	wǒmen	19
1	五	wǔ	563
1	午饭	wǔfàn	4986
1	喜欢	xǐhuan	139
1	下	xià	70
1	下雨	xiàyǔ	5648
1	下班	xiàbān	3207
1	下课	xiàkè	9694
1	下午	xiàwǔ	782
1	先生	xiānsheng	586
1	现在	xiànzài	77
1	想	xiǎng	44
1	小	xiǎo	100
1	小朋友	xiǎopéngyǒu	4536
1	小时	xiǎoshí	389
1	小学	xiǎoxué	3819
1	小学生	xiǎoxuéshēng	12165
1	些	xiē	611
1	写	xiě	352
1	谢谢	xièxie	520
1	新	xīn	150
1	星期	xīngqī	1956
1	星期日	xīngqīrì	12997
1	星期天	xīngqītiān	7577
1	休息	xiūxi	1225
1	学	xué	524
1	学生	xuéshēng	651
1	学习	xuéxí	789
1	学校	xuéxiào	430
1	雪	xuě	1971
1	要	yào	19
1	也	yě	23
1	一	yī	21
1	衣服	yīfu	1472
1	医生	yīshēng	827
1	医院	yīyuàn	608
1	一半	yíbàn	1554
1	一下	yíxià	
4	一下	yíxià	
1	椅子	yǐzi	4472
1	一点儿	yìdiǎnr	6921
1	一些	yìxiē	187
1	有	yǒu	9
1	有的	yǒude	1300
1	有点儿	yǒudiǎnr	11175
1	有些	yǒuxiē	394
3	有些	yǒuxiē	394
1	雨	yǔ	1929
1	元	yuán	744
1	月	yuè	161
1	再	zài	91
1	在	zài	5
1	再见	zàijiàn	2487
1	早	zǎo	445
1	早饭	zǎofàn	6748
1	早上	zǎoshang	1092
1	怎么	zěnme	128
1	怎么样	zěnmeyàng	1367
1	找	zhǎo	152
1	这	zhè	11
1	这边	zhèbiān	2774
1	这个	zhège	
1	这里	zhèlǐ	209
1	这儿	zhèr	2522
1	这些	zhèxiē	132
1	真	zhēn	76
4	真	zhēn	76
1	正在	zhèngzài	420
1	只	zhī	98
1	知道	zhīdào	105
1	中国	Zhōngguó	729
1	中文	Zhōngwén	6459
1	中午	zhōngwǔ	2600
1	中学	zhōngxué	4042
1	中学生	zhōngxuéshēng	12707
1	住	zhù	280
1	桌子	zhuōzi	3639
1	字	zì	913
1	昨天	zuótiān	557
1	坐	zuò	435
1	做	zuò	53
1	做饭	zuòfàn	5512
2	啊	a	47
2	爱好	àihào	4902
2	白色	báisè	2643
2	班	bān	1238
5	班	bān	1238
2	帮	bāng	395
2	帮忙	bāngmáng	1860
2	包	bāo	755
2	本子	běnzi	12849
2	比	bǐ	155
2	笔	bǐ	1245
5	笔	bǐ	1245
2	别	bié	214
2	不错	búcuò	384
2	不好意思	bùhǎoyìsi	2805
2	长	cháng	246
2	车站	chēzhàn	4480
2	出	chū	85
2	出国	chūguó	6997
2	出来	chūlái	254
2	出门	chūmén	2997
2	出去	chūqù	784
2	床	chuáng	961
2	词	cí	1572
2	次	cì	99
7-9	次	cì	99
2	从	cóng	70
4	从	cóng	70
2	从小	cóngxiǎo	4653
2	错	cuò	531
2	打	dǎ	153
2	打车	dǎchē	15698
2	打开	dǎkāi	1199
2	但	dàn	55
7-9	但	dàn	55
2	但是	dànshì	115
2	得	de	58
2	地	de	132
2	等	děng	83
4	等	děng	83
2	地铁	dìtiě	3046
2	点	diǎn	58
4	点	diǎn	58
2	懂	dǒng	669
2	动	dòng	588
2	饭馆	fànguǎn	16449
2	飞	fēi	779
2	高	gāo	290
2	高中	gāozhōng	2025
2	告诉	gàosu	252
2	个子	gèzi	10888
2	跟	gēn	135
5	跟	gēn	135
2	公交车	gōngjiāochē	1000000
2	过	guò	60
2	过来	guòlái	692
2	过年	guònián	14490
2	过去	guòqù	353
2	还是	háishi	160
2	黑色	hēisè	2362
2	红茶	hóngchá	21109
2	红色	hóngsè	2146
2	后面	hòumiàn	1300
2	花	huā	435
6	花	huā	435
2	画	huà	1119
2	坏	huài	1239
2	回来	huílái	480
2	回去	huíqù	1160
2	机场	jīchǎng	2308
2	机票	jīpiào	5209
2	记得	jìde	699
2	间	jiān	546
4	间	jiān	546
2	教	jiāo	988
2	教室	jiàoshì	5082
2	介绍	jièshào	779
2	进	jìn	338
2	近	jìn	822
2	进来	jìnlái	1870
2	进去	jìnqù	1624
2	经常	jīngcháng	940
2	酒店	jiǔdiàn	1680
2	就	jiù	15
7-9	就	jiù	15
2	咖啡	kāfēi	1698
2	开始	kāishǐ	132
2	开学	kāixué	10160
2	考	kǎo	2030
2	考试	kǎoshì	1718
2	可能	kěnéng	127
2	裤子	kùzi	3765
2	快	kuài	153
2	快乐	kuàilè	637
2	快要	kuàiyào	5135
2	篮球	lánqiú	3596
2	累	lèi	1197
2	离	lí	912
2	里面	lǐmiàn	648
2	楼	lóu	765
2	路	lù	409
2	路上	lùshang	1669
2	旅游	lǚyóu	2534
2	绿茶	lǜchá	15567
2	绿色	lǜsè	2383
4	绿色	lǜsè	2383
2	慢	màn	1770
2	没意思	méiyìsi	11321
2	每	měi	340
4	每	měi	340
2	门	mén	422
2	门口	ménkǒu	2762
2	门票	ménpiào	5140
2	面	miàn	604
5	面	miàn	604
2	名	míng	234
2	拿	ná	287
2	那么	nàme	164
2	那样	nàyàng	756
2	奶茶	nǎichá	20075
2	奶奶	nǎinai	2809
2	男孩儿	nánháir	1000000
2	鸟	niǎo	1593
2	女孩儿	nǚháir	18271
2	旁边	pángbiān	1815
2	跑	pǎo	553
2	跑步	pǎobù	7199
2	票	piào	956
2	妻子	qīzi	1187
2	起来	qǐlái	172
2	前面	qiánmiàn	1789
2	晴	qíng	9343
2	球	qiú	518
2	让	ràng	54
4	让	ràng	54
2	肉	ròu	1215
2	商场	shāngchǎng	4093
2	上来	shànglái	3160
2	上面	shàngmiàn	1248
2	上去	shàngqù	2127
2	上网	shàngwǎng	4061
2	身体	shēntǐ	731
2	生日	shēngrì	1506
2	时	shí	115
6	时	shí	115
2	事情	shìqing	271
2	手	shǒu	190
2	手表	shǒubiǎo	6179
2	书包	shūbāo	11861
2	舒服	shūfu	2343
2	送	sòng	370
2	虽然	suīrán	440
2	所以	suǒyǐ	157
2	疼	téng	1641
6	疼	téng	1641
2	踢	tī	2330
2	题	tí	2690
2	条	tiáo	277
5	条	tiáo	277
2	跳舞	tiàowǔ	3920
2	头	tóu	329
3	头	tóu	329
5	头	tóu	329
2	外国	wàiguó	4151
2	外面	wàimiàn	1352
2	完	wán	395
2	万	wàn	557
2	往	wǎng	760
2	网上	wǎngshang	2474
2	忘	wàng	1015
2	位	wèi	177
2	为什么	wèishénme	299
2	希望	xīwàng	182
2	洗	xǐ	1298
2	洗手间	xǐshǒujiān	9674
2	下来	xiàlái	628
2	下面	xiàmiàn	1459
2	下去	xiàqù	838
2	小孩儿	xiǎoháir	25607
2	小时候	xiǎoshíhou	3067
2	笑	xiào	382
2	姓	xìng	3576
2	姓名	xìngmíng	4286
2	颜色	yánsè	1880
2	眼睛	yǎnjing	814
2	药	yào	701
2	药店	yàodiàn	9052
2	爷爷	yéye	3099
2	一会儿	yíhuìr	2207
3	一会儿	yíhuìr	2207
2	已经	yǐjīng	85
2	一起	yìqǐ	172
2	意思	yìsi	988
2	阴	yīn	4058
2	因为	yīnwèi	91
2	游	yóu	2164
2	游泳	yóuyǒng	3695
2	有意思	yǒuyìsi	2983
2	有时	yǒushí	1568
2	右	yòu	1481
2	右边	yòubian	2906
2	鱼	yú	1189
2	远	yuǎn	635
2	运动	yùndòng	1138
2	站	zhàn	399
2	丈夫	zhàngfu	1376
2	这么	zhème	166
2	这样	zhèyàng	85
2	着	zhe	38
2	正	zhèng	294
5	正	zhèng	294
2	周	zhōu	352
6	周	zhōu	352
2	准备	zhǔnbèi	333
2	自己	zìjǐ	56
2	走	zǒu	109
2	走路	zǒulù	4517
2	足球	zúqiú	2550
2	最	zuì	89
2	左	zuǒ	1382
2	左边	zuǒbian	4584
3	阿姨	āyí	4355
3	矮	ǎi	3952
3	爱人	àiren	4365
3	安静	ānjìng	2501
3	安全	ānquán	364
3	把	bǎ	50
3	搬	bān	2254
3	班级	bānjí	10486
3	搬家	bānjiā	7790
3	办	bàn	691
3	办法	bànfǎ	538
3	办公室	bàngōngshì	1162
3	半天	bàntiān	7467
3	帮助	bāngzhù	499
3	饱	bǎo	4742
3	报纸	bàozhǐ	2232
3	北	běi	1835
3	北方	běifāng	4879
3	被	bèi	54
3	笔记	bǐjì	7920
3	比较	bǐjiào	607
3	笔记本	bǐjìběn	3935
3	比如	bǐrú	1051
3	比赛	bǐsài	275
3	必须	bìxū	241
3	变	biàn	501
3	遍	biàn	1358
3	变成	biànchéng	853
3	变化	biànhuà	1262
3	表演	biǎoyǎn	1127
3	别的	biéde	543
3	别人	biérén	397
3	宾馆	bīnguǎn	4994
3	冰	bīng	2036
5	冰	bīng	2036
3	冰激凌	bīngjīlíng	
3	冰箱	bīngxiāng	4168
3	病人	bìngrén	1209
3	不但	búdàn	4161
3	不见	bújiàn	2421
3	不用	búyòng	1013
3	不同	bùtóng	458
3	不久	bùjiǔ	2739
3	不行	bùxíng	1439
3	才	cái	133
3	菜单	càidān	7509
3	参加	cānjiā	355
3	草	cǎo	2467
3	草地	cǎodì	9048
3	层	céng	1202
3	查	chá	1010
3	差	chà	968
3	差不多	chàbuduō	2024
3	尝	cháng	3212
3	常	cháng	1057
3	常见	chángjiàn	5164
3	常用	chángyòng	9671
3	常常	chángcháng	2773
3	衬衫	chènshān	4988
3	成绩	chéngjì	1888
3	城市	chéngshì	593
3	迟到	chídào	3667
3	出发	chūfā	1714
3	出生	chūshēng	2112
3	出院	chūyuàn	7409
3	初中	chūzhōng	7208
3	除了	chúle	638
3	船	chuán	1346
3	春天	chūntiān	4411
3	词典	cídiǎn	18663
3	聪明	cōngmíng	1918
3	打扫	dǎsǎo	6258
3	打算	dǎsuàn	1374
3	大概	dàgài	1611
6	大概	dàgài	1611
3	大人	dàren	2368
3	大小	dàxiǎo	3641
3	大熊猫	dàxióngmāo	21111
3	大衣	dàyī	5821
3	带	dài	177
5	带	dài	177
3	担心	dānxīn	277
3	蛋糕	dàngāo	2650
3	当然	dāngrán	423
3	到处	dàochù	2171
3	得	dé	58
3	得到	dédào	308
3	得分	défēn	3694
3	的话	dehuà	2226
3	灯	dēng	2001
3	地	dì	132
3	地点	dìdiǎn	1921
3	地方	dìfang	254
3	地图	dìtú	3548
3	电	diàn	1027
5	电	diàn	1027
3	电梯	diàntī	3894
3	电子书	diànzǐshū	
3	丢	diū	1655
3	东	dōng	1509
3	东北	dōngběi	6344
3	东方	dōngfāng	5137
3	东南	dōngnán	10838
3	冬天	dōngtiān	3291
3	懂得	dǒngde	2899
3	动物	dòngwù	1438
3	动物园	dòngwùyuán	9030
3	短	duǎn	983
3	短裤	duǎnkù	9325
3	段	duàn	647
3	锻炼	duànliàn	3764
3	对话	duìhuà	3221
3	饿	è	1477
3	而且	érqiě	239
3	耳朵	ěrduo	3451
3	耳机	ěrjī	7196
3	发	fā	400
3	发烧	fāshāo	5836
3	发生	fāshēng	211
3	发现	fāxiàn	189
3	发展	fāzhǎn	859
3	方便	fāngbiàn	2014
3	方便面	fāngbiànmiàn	16225
3	方法	fāngfǎ	577
3	方向	fāngxiàng	1183
3	房子	fángzi	1027
3	放	fàng	280
3	放假	fàngjià	6177
3	放心	fàngxīn	2458
3	放学	fàngxué	7209
3	分开	fēnkāi	3365
3	风	fēng	1150
3	封	fēng	1534
6	封	fēng	1534
3	夫妻	fūqī	3431
3	服务	fúwù	732
3	附近	fùjìn	1020
3	复习	fùxí	6867
3	该	gāi	116
3	干净	gānjìng	2430
3	感兴趣	gǎnxìngqù	11617
3	感到	gǎndào	766
3	感冒	gǎnmào	3621
3	干	gàn	463
3	刚	gāng	436
3	刚才	gāngcái	1149
3	刚刚	gānggāng	719
3	高铁	gāotiě	25367
3	根据	gēnjù	694
5	根据	gēnjù	694
3	更	gèng	127
3	公斤	gōngjīn	4784
3	公园	gōngyuán	2134
3	工作日	gōngzuòrì	14471
3	故事	gùshi	772
3	刮	guā	3910
3	关	guān	1129
5	关	guān	1129
3	关机	guānjī	9207
3	关系	guānxì	318
4	关系	guānxì	318
3	关心	guānxīn	1190
3	关于	guānyú	478
3	关注	guānzhù	1125
3	国家	guójiā	356
3	过节	guòjié	8385
3	过去	guòqù	353
3	海	hǎi	1082
3	害怕	hàipà	1536
3	好多	hǎoduō	1837
3	好久	hǎojiǔ	2909
3	好像	hǎoxiàng	738
3	号码	hàomǎ	2110
3	河	hé	2245
3	合适	héshì	2104
3	黑板	hēibǎn	15524
3	红绿灯	hóng-lǜdēng	
3	后来	hòulái	1055
3	后年	hòunián	45713
3	后天	hòutiān	9407
3	护照	hùzhào	7152
3	花园	huāyuán	3403
3	画家	huàjiā	7217
3	欢迎	huānyíng	796
3	还	huán	37
3	环境	huánjìng	1171
3	换	huàn	618
3	黄色	huángsè	4243
3	回答	huídá	1100
3	会	huì	23
3	会议	huìyì	928
3	或	huò	307
6	或	huò	307
3	或者	huòzhě	382
3	鸡	jī	1356
3	几乎	jīhū	1001
3	机会	jīhuì	393
3	极	jí	1404
3	急	jí	1635
3	记	jì	1123
3	季	jì	1588
3	季节	jìjié	4724
3	加	jiā	503
3	假期	jiàqī	4572
3	坚持	jiānchí	751
3	检查	jiǎnchá	659
3	简单	jiǎndān	726
3	检票	jiǎnpiào	
3	健康	jiànkāng	952
3	见面	jiànmiàn	1876
3	讲	jiǎng	555
3	角	jiǎo	2370
3	脚	jiǎo	1024
3	接	jiē	425
3	街	jiē	1234
3	节	jié	1196
4	节	jié	1196
3	结婚	jiéhūn	982
3	节目	jiémù	951
3	节日	jiérì	3477
3	结束	jiéshù	498
3	解决	jiějué	458
3	姐妹	jiěmèi	3183
3	借	jiè	1495
3	斤	jīn	8277
3	经过	jīngguò	867
3	经理	jīnglǐ	1838
3	久	jiǔ	1103
3	酒	jiǔ	788
3	旧	jiù	1787
3	句	jù	598
3	句子	jùzi	10428
3	决定	juédìng	366
3	卡	kǎ	670
3	开花	kāihuā	11764
3	开会	kāihuì	4398
3	开机	kāijī	12848
3	开心	kāixīn	667
3	看来	kànlái	774
3	可	kě	96
5	可	kě	96
3	渴	kě	9442
3	可爱	kě’ài	799
3	可是	kěshì	404
3	刻	kè	3756
5	刻	kè	3756
3	课本	kèběn	13062
3	客人	kèrén	2750
3	课文	kèwén	30576
3	空调	kōngtiáo	4763
3	哭	kū	898
3	筷子	kuàizi	10486
3	矿泉水	kuàngquánshuǐ	13110
3	来自	láizì	644
3	蓝	lán	1615
3	老	lǎo	266
4	老	lǎo	266
3	老人	lǎorén	2395
3	离开	líkāi	557
3	礼物	lǐwù	1673
3	历史	lìshǐ	882
3	脸	liǎn	629
3	练	liàn	2255
3	练习	liànxí	3084
3	凉快	liángkuai	19483
3	辆	liàng	699
3	聊	liáo	2302
3	聊天儿	liáotiānr	102289
3	了解	liǎojiě	336
3	邻居	línjū	3360
3	留学	liúxué	15630
3	留学生	liúxuéshēng	24084
3	楼梯	lóutī	5165
3	路边	lùbiān	5880
3	路口	lùkǒu	6184
3	马	mǎ	605
3	马路	mǎlù	5119
3	马上	mǎshàng	847
3	满意	mǎnyì	1761
3	毛	máo	1319
5	毛	máo	1319
3	米	mǐ	663
3	面前	miànqián	948
3	明白	míngbai	676
3	名单	míngdān	2125
3	名人	míngrén	3879
3	南	nán	1709
3	难	nán	544
6	难	nán	544
3	南方	nánfāng	3191
3	难过	nánguò	2714
3	难看	nánkàn	11156
3	男人	nánrén	415
3	男生	nánshēng	2784
3	难题	nántí	5922
3	难听	nántīng	17675
3	年级	niánjí	7644
3	年轻	niánqīng	1100
3	牛	niú	1148
5	牛	niú	1148
3	努力	nǔlì	505
3	女人	nǚrén	383
3	女生	nǚshēng	1894
3	爬	pá	2016
3	怕	pà	899
4	怕	pà	899
3	拍照	pāizhào	3782
3	盘子	pánzi	9039
3	胖	pàng	2396
3	啤酒	píjiǔ	2622
3	平时	píngshí	2780
3	瓶子	píngzi	6741
3	骑	qí	2231
3	奇怪	qíguài	1655
3	其实	qíshí	405
3	其他	qítā	267
3	起	qǐ	174
5	起	qǐ	174
3	起飞	qǐfēi	5419
3	汽车	qìchē	898
3	铅笔	qiānbǐ	9108
3	前年	qiánnián	18549
3	前天	qiántiān	8117
3	清楚	qīngchu	766
3	请假	qǐngjià	10134
3	请客	qǐngkè	9854
3	秋天	qiūtiān	7055
3	球场	qiúchǎng	4445
3	裙子	qúnzi	5466
3	然后	ránhòu	275
3	热情	rèqíng	2149
3	认得	rènde	9203
3	认为	rènwéi	168
3	认真	rènzhēn	1020
3	容易	róngyì	664
3	如果	rúguǒ	89
3	伞	sǎn	6101
3	扫	sǎo	4584
3	沙发	shāfā	3832
3	山	shān	1030
3	上衣	shàngyī	7489
3	勺子	sháozi	15680
3	身边	shēnbiān	982
3	身高	shēngāo	5251
3	声	shēng	577
3	生活	shēnghuó	203
3	生气	shēngqì	2113
3	声音	shēngyīn	841
3	市	shì	1040
3	试	shì	938
3	室	shì	1382
3	世界	shìjiè	238
3	收	shōu	834
3	收到	shōudào	1171
3	受	shòu	393
3	瘦	shòu	2595
3	受到	shòudào	858
3	叔叔	shūshu	3510
3	树	shù	1481
3	数学	shùxué	3024
3	刷	shuā	3060
3	双	shuāng	642
3	水平	shuǐpíng	1490
3	司机	sījī	1804
3	四季	sìjì	12112
3	太阳	tàiyáng	2001
3	糖	táng	2036
3	特别	tèbié	541
3	提高	tígāo	1724
3	体育	tǐyù	2354
3	体育馆	tǐyùguǎn	7477
3	甜	tián	2472
3	跳	tiào	1099
3	听说	tīngshuō	1283
3	挺	tǐng	737
7-9	挺	tǐng	737
3	同事	tóngshì	2337
3	同意	tóngyì	985
3	头发	tóufa	1533
3	突然	tūrán	644
3	图书馆	túshūguǎn	3836
3	腿	tuǐ	1216
3	外地	wàidì	7943
3	外卖	wàimài	15748
3	外语	wàiyǔ	11159
3	完成	wánchéng	486
3	碗	wǎn	2866
3	晚点	wǎndiǎn	8761
3	晚会	wǎnhuì	3620
3	网球	wǎngqiú	5430
3	网站	wǎngzhàn	1965
3	忘记	wàngjì	1335
3	为	wèi	58
3	为了	wèile	229
3	卫生间	wèishēngjiān	7314
3	文化	wénhuà	1632
3	屋子	wūzi	4296
3	西	xī	958
3	西北	xīběi	7263
3	西方	xīfāng	4391
3	西瓜	xīguā	9098
3	西南	xīnán	7237
3	习惯	xíguàn	1251
3	喜爱	xǐ’ài	4247
3	洗衣机	xǐyījī	10344
3	洗澡	xǐzǎo	3512
3	夏天	xiàtiān	2925
3	先	xiān	306
3	香蕉	xiāngjiāo	5473
3	相信	xiāngxìn	431
3	箱子	xiāngzi	5854
3	向	xiàng	165
3	像	xiàng	151
4	像	xiàng	151
7-9	像	xiàng	151
3	相机	xiàngjī	3401
3	小区	xiǎoqū	6982
3	小心	xiǎoxīn	1411
3	校园	xiàoyuán	4303
3	校长	xiàozhǎng	3365
3	鞋	xié	1249
3	心里	xīnlǐ	1214
3	新年	xīnnián	3160
3	新闻	xīnwén	805
3	新鲜	xīnxiān	2651
3	信	xìn	419
3	信用卡	xìnyòngkǎ	3960
3	行	xíng	272
3	行李	xíngli	4886
3	兴趣	xìngqù	1847
3	休假	xiūjià	7947
3	需要	xūyào	131
3	选	xuǎn	590
3	选择	xuǎnzé	373
3	学期	xuéqī	5859
3	牙	yá	2506
3	牙刷	yáshuā	12849
3	羊	yáng	2574
3	养	yǎng	1346
3	要求	yāoqiú	409
3	页	yè	2404
3	一定	yídìng	198
3	一共	yígòng	4765
3	一块儿	yíkuàir	11449
3	一样	yíyàng	235
3	以后	yǐhòu	407
3	以前	yǐqián	524
3	以上	yǐshàng	2124
3	以外	yǐwài	3014
3	以为	yǐwéi	567
3	以下	yǐxià	2058
3	一般	yìbān	798
3	一边	yìbiān	1241
3	一直	yìzhí	203
3	音乐	yīnyuè	742
3	银行	yínháng	769
3	银行卡	yínhángkǎ	1000000
3	饮料	yǐnliào	3463
3	应该	yīnggāi	174
3	影响	yǐngxiǎng	598
3	用	yòng	79
3	邮件	yóujiàn	3970
3	游客	yóukè	4572
3	游戏	yóuxì	603
3	邮箱	yóuxiāng	8497
3	有关	yǒuguān	508
3	有名	yǒumíng	6219
3	有用	yǒuyòng	4834
3	又	yòu	91
3	羽毛球	yǔmáoqiú	16966
3	语言	yǔyán	1948
3	雨衣	yǔyī	23626
3	遇到	yùdào	1063
3	遇见	yùjiàn	3411
3	园	yuán	4873
3	员	yuán	1874
3	愿意	yuànyì	738
3	越	yuè	574
3	月亮	yuèliang	4781
3	运动会	yùndònghuì	11698
3	运动员	yùndòngyuán	3182
3	咱们	zánmen	1405
3	脏	zāng	4623
3	怎么办	zěnmebàn	1422
3	怎样	zěnyàng	823
3	站	zhàn	399
3	张	zhāng	316
3	长	zhǎng	246
3	着急	zháojí	4461
3	照	zhào	1165
3	照顾	zhàogù	1631
3	照片	zhàopiàn	766
3	照相	zhàoxiàng	9002
3	直到	zhídào	1292
3	只	zhǐ	98
3	纸	zhǐ	1621
3	只能	zhǐnéng	874
3	只是	zhǐshì	236
3	只要	zhǐyào	452
3	只有	zhǐyǒu	374
3	中	zhōng	71
3	中间	zhōngjiān	1889
3	终于	zhōngyú	625
3	种	zhǒng	179
3	重要	zhòngyào	240
3	周末	zhōumò	1269
3	主要	zhǔyào	1031
3	注意	zhùyì	547
3	住院	zhùyuàn	4464
3	字典	zìdiǎn	13961
3	自行车	zìxíngchē	3400
3	子	zi	627
3	总	zǒng	335
5	总	zǒng	335
3	总是	zǒngshì	638
3	嘴	zuǐ	1059
3	最好	zuìhǎo	1704
3	最后	zuìhòu	261
3	最近	zuìjìn	612
3	做客	zuòkè	13383
3	作业	zuòyè	2574
4	啊	ā	47
4	爱情	àiqíng	1164
4	爱心	àixīn	5809
4	安检	ānjiǎn	13665
4	安排	ānpái	900
4	按	àn	678
4	按时	ànshí	7233
4	按照	ànzhào	1378
4	白酒	báijiǔ	13749
4	办公	bàngōng	5310
4	办理	bànlǐ	6575
4	办事	bànshì	4819
4	棒	bàng	1228
5	棒	bàng	1228
4	保护	bǎohù	536
4	保证	bǎozhèng	586
4	抱	bào	1238
4	报考	bàokǎo	23743
4	报名	bàomíng	4602
4	抱歉	bàoqiàn	4909
4	背	bēi	1623
4	背包	bēibāo	8274
4	北部	běibù	5420
4	倍	bèi	1396
4	本科	běnkē	16998
4	本来	běnlái	1093
4	笨	bèn	3806
4	鼻子	bízi	3484
4	笔试	bǐshì	25608
4	毕业	bìyè	1755
4	毕业生	bìyèshēng	6344
4	便于	biànyú	13646
4	标准	biāozhǔn	1317
4	表	biǎo	1344
7-9	表	biǎo	1344
4	表格	biǎogé	8961
4	表示	biǎoshì	854
4	表现	biǎoxiàn	452
4	表扬	biǎoyáng	9042
4	饼干	bǐnggān	6412
4	并	bìng	148
4	并且	bìngqiě	827
4	播放	bōfàng	3952
4	博士	bóshì	2425
4	不必	búbì	2029
4	不便	búbiàn	8003
4	不断	búduàn	1245
4	不够	búgòu	1419
4	不过	búguò	216
5	不过	búguò	216
4	不论	búlùn	3411
4	步	bù	972
4	部	bù	426
4	不得不	bùdébù	1606
4	部分	bùfen	513
4	不管	bùguǎn	854
4	不光	bùguāng	7316
4	不仅	bùjǐn	1467
4	不满	bùmǎn	5004
4	部门	bùmén	992
4	不如	bùrú	2684
4	擦	cā	1952
4	猜	cāi	2168
4	材料	cáiliào	2069
4	参观	cānguān	3793
4	参赛	cānsài	3896
4	餐厅	cāntīng	3156
4	操场	cāochǎng	11048
4	厕所	cèsuǒ	3393
4	查看	chákàn	3929
4	茶叶	cháyè	11593
4	查找	cházhǎo	9345
4	差点儿	chàdiǎnr	21664
4	产生	chǎnshēng	1155
4	厂	chǎng	2329
4	场	chǎng	286
4	超过	chāoguò	1048
4	车速	chēsù	16715
4	车位	chēwèi	12501
4	城	chéng	892
4	乘	chéng	2982
4	成功	chénggōng	476
4	乘客	chéngkè	3284
4	诚实	chéngshí	5528
4	成为	chéngwéi	267
4	乘坐	chéngzuò	5499
4	吃惊	chījīng	4518
4	迟	chí	4008
4	重	chóng	608
5	重	chóng	608
4	重新	chóngxīn	915
4	出差	chūchāi	7087
4	出口	chūkǒu	1693
5	出口	chūkǒu	1693
4	出现	chūxiàn	323
4	出行	chūxíng	8859
4	出租	chūzū	5547
4	厨房	chúfáng	3076
4	厨师	chúshī	7821
4	窗	chuāng	
4	窗户	chuānghu	4130
4	吹	chuī	1880
4	词语	cíyǔ	10379
4	此	cǐ	391
4	此次	cǐcì	4623
4	此外	cǐwài	3647
4	从此	cóngcǐ	3935
4	从来	cónglái	1222
4	从中	cóngzhōng	5596
4	粗	cū	4225
4	粗心	cūxīn	21668
4	村	cūn	2435
4	存	cún	2114
4	错过	cuòguò	1616
4	错误	cuòwù	1305
4	答应	dāying	2130
4	答	dá	2744
4	答案	dá’àn	1912
4	达到	dádào	1234
4	打招呼	dǎzhāohu	7931
4	打败	dǎbài	5317
4	打工	dǎgōng	4894
4	打扰	dǎrǎo	4800
4	打印	dǎyìn	8233
4	打印机	dǎyìnjī	15370
4	打折	dǎzhé	10290
4	打针	dǎzhēn	13196
4	大巴	dàbā	11932
4	大大	dàdà	3550
4	大夫	dàifu	6248
4	大量	dàliàng	1807
4	大赛	dàsài	2776
4	大厅	dàtīng	3838
4	大约	dàyuē	2186
4	大自然	dàzìrán	8020
4	待	dāi	1207
4	戴	dài	1802
4	袋子	dàizi	
4	单位	dānwèi	2350
4	当	dāng	155
4	当时	dāngshí	505
4	刀	dāo	1285
4	导游	dǎoyóu	10258
4	倒	dào	780
6	倒	dào	780
4	道	dào	478
4	到底	dàodǐ	741
4	到来	dàolái	2807
4	道路	dàolù	2367
4	道歉	dàoqiàn	3168
4	得意	déyì	6279
4	登机	dēngjī	10431
5	等	děng	83
4	等到	děngdào	4305
4	低	dī	951
4	低价	dījià	10967
4	低温	dīwēn	10778
4	低于	dīyú	6208
4	底	dǐ	849
4	底下	dǐxia	5997
4	地球	dìqiú	1971
4	地址	dìzhǐ	1067
4	点名	diǎnmíng	11424
4	点头	diǎntóu	6136
4	电动车	diàndòngchē	26291
4	电视剧	diànshìjù	4222
4	掉	diào	549
4	调查	diàochá	512
4	订	dìng	2991
4	定	dìng	586
4	东部	dōngbù	5067
4	动车	dòngchē	
4	动作	dòngzuò	1418
4	读者	dúzhě	4369
4	堵车	dǔchē	10563
4	度假	dùjià	5431
4	肚子	dùzi	2763
4	短信	duǎnxìn	1000000
4	队	duì	422
5	队	duì	422
4	对方	duìfāng	1158
4	对面	duìmiàn	3939
4	对于	duìyú	490
4	队员	duìyuán	1688
4	队长	duìzhǎng	3177
4	顿	dùn	1617
7-9	顿	dùn	1617
4	多么	duōme	1940
4	多数	duōshù	4376
4	多样	duōyàng	19807
4	而	ér	75
4	儿童	értóng	1692
4	发出	fāchū	1978
4	发送	fāsòng	4350
4	法	fǎ	706
4	法律	fǎlǜ	816
4	翻译	fānyì	4025
4	烦	fán	2084
4	烦恼	fánnǎo	4038
4	反对	fǎnduì	1381
4	方面	fāngmiàn	601
4	方式	fāngshì	513
4	房东	fángdōng	9478
4	房租	fángzū	9307
4	放弃	fàngqì	994
4	放松	fàngsōng	2311
4	费	fèi	1997
4	费用	fèiyong	2364
4	分数	fēnshù	6646
4	分为	fēnwéi	8420
4	份	fèn	608
4	丰富	fēngfù	2739
4	风景	fēngjǐng	4068
4	否则	fǒuzé	1416
4	幅	fú	1668
4	符合	fúhé	1870
4	付	fù	1840
4	父母	fùmǔ	891
4	父女	fùnǚ	15502
4	父亲	fùqīn	817
4	复印	fùyìn	14608
4	复杂	fùzá	1657
4	负责	fùzé	876
4	负责人	fùzérén	2871
4	父子	fùzǐ	8135
4	改	gǎi	1070
4	改变	gǎibiàn	551
4	干	gān	463
5	干	gān	463
4	干杯	gānbēi	14023
4	赶	gǎn	2113
4	敢	gǎn	902
4	感	gǎn	939
4	感动	gǎndòng	2676
4	赶紧	gǎnjǐn	1994
4	感觉	gǎnjué	274
4	赶快	gǎnkuài	2729
4	感情	gǎnqíng	1257
4	感人	gǎnrén	6466
4	赶上	gǎnshàng	5046
4	感受	gǎnshòu	1286
4	感谢	gǎnxiè	749
4	干活儿	gànhuór	41800
4	钢琴	gāngqín	4941
4	高价	gāojià	12015
4	高考	gāokǎo	10815
4	高速	gāosù	3638
4	高温	gāowēn	8722
4	高于	gāoyú	7103
4	胳膊	gēbo	5256
4	歌声	gēshēng	6372
4	歌手	gēshǒu	3028
4	各	gè	1022
4	各地	gèdì	3044
4	各个	gègè	3882
4	各位	gèwèi	786
4	各种	gèzhǒng	1510
4	更加	gèngjiā	1185
4	工厂	gōngchǎng	2656
4	功夫	gōngfu	3675
4	公共	gōnggòng	2356
4	功课	gōngkè	9040
4	公里	gōnglǐ	2531
4	公路	gōnglù	2388
4	工人	gōngrén	2405
4	工资	gōngzī	2532
4	共	gòng	1227
4	共同	gòngtóng	1623
4	够	gòu	1173
4	购买	gòumǎi	2972
4	购物	gòuwù	2912
4	估计	gūjì	1586
4	姑娘	gūniang	1474
4	鼓励	gǔlì	2649
4	顾客	gùkè	2706
4	故意	gùyì	2426
4	挂	guà	1092
4	关键	guānjiàn	1131
4	观看	guānkàn	3644
4	观众	guānzhòng	1260
4	管	guǎn	545
5	管	guǎn	545
4	管理	guǎnlǐ	1202
4	光	guāng	800
4	广播	guǎngbō	3320
4	广告	guǎnggào	1122
4	逛	guàng	4709
4	规定	guīdìng	1151
4	国籍	guójí	15414
4	国际	guójì	1262
4	果汁	guǒzhī	7765
4	过程	guòchéng	1002
4	海洋	hǎiyáng	4121
4	害羞	hàixiū	6831
4	寒假	hánjià	21410
4	寒冷	hánlěng	6730
4	喊	hǎn	2060
4	汗	hàn	4310
4	航班	hángbān	3730
4	好处	hǎochù	2534
4	好好	hǎohǎo	752
4	好笑	hǎoxiào	4733
4	合格	hégé	5048
4	盒子	hézi	6250
4	红包	hóngbāo	16771
4	厚	hòu	3759
4	后悔	hòuhuǐ	2667
4	忽然	hūrán	4518
4	互联网	hùliánwǎng	4872
4	护士	hùshi	3782
4	互相	hùxiāng	2091
4	话剧	huàjù	11486
4	怀疑	huáiyí	1763
4	坏处	huàichù	18345
4	环保	huánbǎo	4327
4	换乘	huànchéng	
4	回复	huífù	2477
4	回信	huíxìn	14440
4	回忆	huíyì	2055
4	会员	huìyuán	4022
4	活	huó	556
4	活动	huódòng	605
4	活泼	huópō	8011
4	火	huǒ	1181
4	货	huò	1631
4	获得	huòdé	701
4	获奖	huòjiǎng	7338
4	获取	huòqǔ	4905
4	基本	jīběn	1095
4	基本上	jīběnshàng	3705
4	基础	jīchǔ	2135
4	激动	jīdòng	1931
4	积极	jījí	2212
4	积累	jīlěi	8722
4	及时	jíshí	2280
4	即使	jíshǐ	1004
4	既	jì	1698
4	寄	jì	2842
4	计划	jìhuà	403
4	既然	jìrán	1629
4	技术	jìshù	758
4	继续	jìxù	285
4	记者	jìzhě	844
4	加班	jiābān	5951
4	家具	jiājù	4188
4	加快	jiākuài	3846
4	加强	jiāqiáng	3019
4	加入	jiārù	1056
4	加上	jiāshàng	1687
4	家庭	jiātíng	706
4	家乡	jiāxiāng	4334
4	加油	jiāyóu	1078
4	加油站	jiāyóuzhàn	7839
4	家长	jiāzhǎng	2575
4	假	jiǎ	1053
4	价格	jiàgé	1783
4	价钱	jiàqián	5854
4	假日	jiàrì	8483
4	减	jiǎn	3695
4	减轻	jiǎnqīng	4747
4	减少	jiǎnshǎo	2443
4	健身	jiànshēn	4744
4	健身房	jiànshēnfáng	12463
4	建议	jiànyì	782
4	江	jiāng	4802
4	将	jiāng	100
4	将来	jiānglái	2601
4	将要	jiāngyào	5958
4	奖	jiǎng	2198
5	奖	jiǎng	2198
4	奖金	jiǎngjīn	3649
4	奖学金	jiǎngxuéjīn	7771
4	降	jiàng	2897
4	降低	jiàngdī	3058
4	降价	jiàngjià	13945
4	降落	jiàngluò	6858
4	降温	jiàngwēn	11837
4	交	jiāo	715
7-9	交	jiāo	715
4	骄傲	jiāo’ào	3023
4	交警	jiāojǐng	12361
4	交流	jiāoliú	1828
4	郊区	jiāoqū	7855
4	交通	jiāotōng	1688
4	教练	jiàoliàn	1838
4	教师	jiàoshī	2635
4	教授	jiàoshòu	1612
4	教学	jiàoxué	4466
4	教育	jiàoyù	1197
4	叫作	jiàozuò	19120
4	街道	jiēdào	3604
4	接受	jiēshòu	465
4	接着	jiēzhe	1329
4	结果	jiéguǒ	364
4	节假日	jiéjiàrì	19063
4	节约	jiéyuē	7912
4	结账	jiézhàng	18659
4	解释	jiěshì	872
4	今后	jīnhòu	3519
4	仅	jǐn	1086
4	尽管	jǐnguǎn	1014
4	仅仅	jǐnjǐn	2128
4	紧张	jǐnzhāng	1073
4	进入	jìnrù	458
4	进行	jìnxíng	299
4	禁止	jìnzhǐ	2897
4	精彩	jīngcǎi	1320
4	经济	jīngjì	1376
5	经济	jīngjì	1376
4	京剧	jīngjù	40061
4	经历	jīnglì	1047
4	经验	jīngyàn	1269
4	警察	jǐngchá	1128
4	景点	jǐngdiǎn	13894
4	景区	jǐngqū	27449
4	景色	jǐngsè	8954
4	竟然	jìngrán	1381
4	竞争	jìngzhēng	1584
4	镜子	jìngzi	5015
4	究竟	jiūjìng	1812
5	究竟	jiūjìng	1812
4	就是	jiùshì	113
4	举	jǔ	2311
4	举办	jǔbàn	2669
4	举例	jǔlì	19170
4	举行	jǔxíng	1431
4	聚	jù	3213
4	聚餐	jùcān	
4	聚会	jùhuì	3191
4	拒绝	jùjué	1443
4	距离	jùlí	1725
4	剧院	jùyuàn	6873
4	开玩笑	kāiwánxiào	3878
4	看法	kànfǎ	2435
4	烤	kǎo	3259
4	考虑	kǎolǜ	607
4	考生	kǎoshēng	26644
4	棵	kē	4222
4	科技	kējì	2094
4	科学	kēxué	1299
4	咳	ké	7383
4	咳嗽	késou	7020
4	可惜	kěxī	2035
4	克	kè	738
4	课程	kèchéng	3080
4	客气	kèqi	5093
4	课堂	kètáng	6943
4	客厅	kètīng	5646
4	肯定	kěndìng	494
4	空	kōng	1345
5	空	kōng	1345
4	空气	kōngqì	2055
4	恐怕	kǒngpà	2245
4	口语	kǒuyǔ	20368
4	苦	kǔ	2331
4	快餐	kuàicān	11411
4	快递	kuàidì	7167
4	快速	kuàisù	2309
4	困	kùn	1868
5	困	kùn	1868
4	困难	kùnnan	1141
4	拉	lā	484
4	垃圾	lājī	1777
4	辣	là	2791
4	来不及	láibují	5768
4	来得及	láidejí	6981
4	懒	lǎn	6238
4	浪费	làngfèi	1924
4	浪漫	làngmàn	2439
4	老虎	lǎohǔ	5451
4	老家	lǎojiā	6410
4	老年	lǎonián	8396
4	老是	lǎoshì	5562
4	冷静	lěngjìng	2908
4	理发	lǐfà	13406
4	理解	lǐjiě	884
4	礼貌	lǐmào	6337
4	理想	lǐxiǎng	2661
4	厉害	lìhai	1925
4	力气	lìqi	5156
4	例如	lìrú	3486
4	例子	lìzi	5034
4	俩	liǎ	1419
4	连	lián	406
5	连	lián	406
4	联系	liánxì	667
4	凉	liáng	4088
4	量	liáng	2147
4	两	liǎng	81
4	亮	liàng	1691
4	列	liè	2209
4	零下	língxià	14498
4	零花钱	línghuāqián	19487
4	零钱	língqián	13354
4	零食	língshí	8964
4	另	lìng	541
6	另	lìng	541
4	另外	lìngwài	725
4	留	liú	705
4	流	liú	1337
4	流利	liúlì	17449
4	留下	liúxia	1196
4	流行	liúxíng	2724
4	路过	lùguò	4118
4	旅馆	lǚguǎn	5705
4	旅客	lǚkè	5815
4	旅行	lǚxíng	2385
4	律师	lǜshī	1246
4	乱	luàn	1206
4	落	luò	1435
4	麻烦	máfan	1492
4	馒头	mántou	16507
4	满	mǎn	961
4	毛巾	máojīn	6574
4	毛衣	máoyī	5546
4	帽子	màozi	3553
4	美	měi	343
4	美好	měihǎo	1500
4	美景	měijǐng	11213
4	美丽	měilì	1262
4	美食	měishí	6046
4	梦	mèng	913
4	梦想	mèngxiǎng	1446
4	密码	mìmǎ	3133
4	免费	miǎnfèi	1416
4	面对	miànduì	973
4	面试	miànshì	4005
4	秒	miǎo	1034
4	民族	mínzú	3724
4	末	mò	3736
4	母女	mǔnǚ	12255
4	母亲	mǔqīn	983
4	母子	mǔzǐ	13327
4	目标	mùbiāo	657
4	目的	mùdì	1260
4	目的地	mùdìdì	7131
4	目前	mùqián	603
4	耐心	nàixīn	3844
4	南部	nánbù	4773
4	难道	nándào	1147
4	男士	nánshì	5551
4	难受	nánshòu	3699
4	难忘	nánwàng	5648
4	男性	nánxìng	2918
4	内	nèi	319
4	内容	nèiróng	1246
4	内心	nèixīn	1974
4	能否	néngfǒu	2376
4	能够	nénggòu	481
4	能力	nénglì	534
4	嗯	ǹg	1390
4	年底	niándǐ	12203
4	年龄	niánlíng	2013
4	农村	nóngcūn	8305
4	弄	nòng	952
4	女性	nǚxìng	1379
4	暖和	nuǎnhuo	8118
4	偶尔	ǒu’ěr	3731
4	拍	pāi	567
4	排	pái	1188
4	牌	pái	1416
4	排队	páiduì	4300
4	排球	páiqiú	13985
4	牌子	páizi	5484
4	判断	pànduàn	2480
4	陪	péi	1090
4	批评	pīpíng	3504
4	皮肤	pífū	1922
4	脾气	píqi	4017
4	皮鞋	píxié	11265
4	篇	piān	1691
4	片	piàn	560
4	乒乓球	pīngpāngqiú	10217
4	平常	píngcháng	4153
4	破	pò	1272
4	葡萄	pútao	6422
4	葡萄酒	pútaojiǔ	6827
4	普遍	pǔbiàn	5800
4	普通	pǔtōng	1373
4	普通话	pǔtōnghuà	14869
4	期	qī	1473
4	期末	qīmò	10667
4	期中	qīzhōng	18698
4	其次	qícì	3998
4	其中	qízhōng	470
4	起到	qǐdào	25234
4	气	qì	772
4	气候	qìhòu	6570
4	汽水	qìshuǐ	15548
4	气温	qìwēn	7200
4	千克	qiānkè	18907
4	千万	qiānwàn	1708
4	签证	qiānzhèng	8073
4	前方	qiánfāng	6315
4	前后	qiánhòu	6275
4	强	qiáng	529
4	敲	qiāo	4007
4	桥	qiáo	2120
4	巧	qiǎo	4427
4	巧克力	qiǎokèlì	3003
4	亲戚	qīnqi	5076
4	琴	qín	5101
4	轻	qīng	1814
4	青年	qīngnián	3336
4	轻松	qīngsōng	1729
4	情况	qíngkuàng	245
4	庆祝	qìngzhù	2543
4	球队	qiúduì	2340
4	球迷	qiúmí	4097
4	区	qū	638
4	区别	qūbié	2566
4	取	qǔ	1198
4	取得	qǔdé	1609
4	取消	qǔxiāo	1880
4	全	quán	404
4	全部	quánbù	718
4	全都	quándōu	3132
4	全球	quánqiú	1858
4	全身	quánshēn	3082
4	缺	quē	2448
4	缺点	quēdiǎn	5178
4	缺少	quēshǎo	4326
4	却	què	199
4	确实	quèshí	850
4	然而	rán’ér	1818
4	热闹	rènao	6073
4	人生	rénshēng	926
4	人数	rénshù	3139
4	人员	rényuán	671
4	任何	rènhé	356
4	任务	rènwu	664
4	扔	rēng	2405
4	仍	réng	1050
4	仍然	réngrán	1029
4	日常	rìcháng	5145
4	日记	rìjì	4636
4	日期	rìqī	3928
4	日子	rìzi	1197
4	入	rù	756
4	入口	rùkǒu	5927
4	入学	rùxué	8206
4	入住	rùzhù	
4	散步	sànbù	6153
4	扫码	sǎomǎ	
4	森林	sēnlín	3183
4	商量	shāngliang	4232
4	商品	shāngpǐn	3735
4	伤心	shāngxīn	2543
4	上门	shàngmén	5566
4	稍	shāo	2631
4	稍微	shāowēi	4305
4	少见	shǎojiàn	8205
4	少量	shǎoliàng	8502
4	少数	shǎoshù	5240
4	少年	shàonián	3675
4	社会	shèhuì	836
4	摄氏度	shèshìdù	14594
4	身	shēn	
4	深	shēn	1014
5	深	shēn	1014
4	身份证	shēnfènzhèng	4226
4	申请	shēnqǐng	1500
4	甚至	shènzhì	478
4	生	shēng	558
7-9	生	shēng	558
4	生命	shēngmìng	705
4	生意	shēngyi	2112
4	省	shěng	1081
4	剩	shèng	2453
4	失败	shībài	1588
4	师傅	shīfu	4911
4	失去	shīqù	949
4	师生	shīshēng	16827
4	失望	shīwàng	2106
4	十分	shífēn	1086
4	实际	shíjì	1981
4	时间表	shíjiānbiǎo	9620
4	实际上	shíjìshàng	1232
4	食品	shípǐn	2176
4	食堂	shítáng	8754
4	食物	shíwù	1768
4	实在	shízài	1340
4	十字路口	shízìlùkǒu	14800
4	使	shǐ	400
4	使馆	shǐguǎn	
4	使用	shǐyòng	641
4	市场	shìchǎng	1190
4	是否	shìfǒu	553
4	适合	shìhé	1211
4	世纪	shìjì	1599
4	视频	shìpín	2203
4	市区	shìqū	5603
4	试题	shìtí	18577
4	适应	shìyìng	2147
4	收费	shōufèi	4234
4	收入	shōurù	2243
4	收拾	shōushi	3266
4	收听	shōutīng	9778
4	首	shǒu	662
4	首都	shǒudū	4483
4	首先	shǒuxiān	878
4	受不了	shòubuliǎo	3756
4	售票员	shòupiàoyuán	
4	受伤	shòushāng	1454
4	输	shū	1403
4	熟	shú/shóu	3050
4	熟悉	shúxi	2070
4	暑假	shǔjià	7249
4	数	shù	852
4	数量	shùliàng	2916
4	树林	shùlín	7102
4	数字	shùzì	1670
4	帅	shuài	1452
4	顺便	shùnbiàn	3796
4	顺利	shùnlì	1475
4	顺序	shùnxù	6178
4	说法	shuōfǎ	2350
4	说明	shuōmíng	968
4	说明书	shuōmíngshū	10577
4	硕士	shuòshì	9229
4	死	sǐ	177
5	死	sǐ	177
4	速度	sùdù	1337
4	塑料	sùliào	4823
4	酸	suān	3361
4	酸奶	suānnǎi	7176
4	算	suàn	698
4	随便	suíbiàn	2071
4	随着	suízhe	3104
4	孙女	sūnnǚ	11910
4	孙子	sūnzi	5639
4	所有	suǒyǒu	238
5	所有	suǒyǒu	238
4	台	tái	696
5	台	tái	696
4	抬	tái	3574
4	抬头	táitóu	6447
4	态度	tàidù	1647
4	弹	tán	2520
4	谈	tán	862
4	汤	tāng	2237
4	躺	tǎng	1892
4	趟	tàng	3174
4	讨论	tǎolùn	1047
4	讨厌	tǎoyàn	1401
4	特点	tèdiǎn	4039
4	提	tí	919
4	提出	tíchū	1125
4	提到	tídào	2683
4	提供	tígōng	621
4	提前	tíqián	2206
4	提醒	tíxǐng	1634
4	体检	tǐjiǎn	8459
4	体温	tǐwēn	7596
4	体重	tǐzhòng	4003
4	填写	tiánxiě	10133
4	条件	tiáojiàn	1104
4	听力	tīnglì	10212
4	听众	tīngzhòng	8461
4	停	tíng	768
4	停车	tíngchē	3222
4	停车场	tíngchēchǎng	5453
4	停止	tíngzhǐ	1632
4	通	tōng	1155
7-9	通	tōng	1155
4	通过	tōngguò	343
4	通知	tōngzhī	1246
4	童年	tóngnián	5573
4	同时	tóngshí	566
4	同样	tóngyàng	971
4	桶	tǒng	3595
4	痛	tòng	1254
7-9	痛	tòng	1254
4	头痛	tóutòng	
4	图	tú	1231
7-9	图	tú	1231
4	图片	túpiàn	2934
4	土	tǔ	2399
6	土	tǔ	2399
4	推	tuī	1277
4	推迟	tuīchí	6409
4	推出	tuīchū	4420
4	脱	tuō	2303
4	袜子	wàzi	6566
4	外出	wàichū	5865
4	外套	wàitào	3188
4	完全	wánquán	393
4	晚安	wǎn’ān	1116
4	晚餐	wǎncān	3610
4	网购	wǎnggòu	
4	往往	wǎngwǎng	4050
4	网页	wǎngyè	9778
4	网友	wǎngyǒu	29751
4	网址	wǎngzhǐ	18736
4	危险	wēixiǎn	1201
4	为	wéi	58
4	味	wèi	
4	味道	wèidào	1705
4	卫生	wèishēng	3002
4	温度	wēndù	3440
4	闻	wén	2427
4	文件	wénjiàn	1342
4	文章	wénzhāng	1958
4	文字	wénzì	4168
4	污染	wūrǎn	3379
4	无	wú	344
4	无法	wúfǎ	482
4	无聊	wúliáo	1955
4	无论	wúlùn	1069
4	午餐	wǔcān	4296
4	误会	wùhuì	4880
4	吸	xī	2340
4	西部	xībù	3207
4	西红柿	xīhóngshì	10725
4	吸引	xīyǐn	1617
4	细	xì	3744
4	细心	xìxīn	10169
4	下降	xiàjiàng	2377
4	鲜	xiān	6056
4	鲜花	xiānhuā	6737
4	咸	xián	7379
4	现金	xiànjīn	2030
4	羡慕	xiànmù	4551
4	线上	xiànshàng	
4	线下	xiànxià	
4	现有	xiànyǒu	5606
4	香	xiāng	1953
4	相比	xiāngbǐ	2934
4	相反	xiāngfǎn	3525
4	相互	xiānghù	2492
4	相同	xiāngtóng	2110
4	详细	xiángxì	2875
4	响	xiǎng	2237
4	想法	xiǎngfǎ	1433
4	项	xiàng	837
4	消息	xiāoxi	448
4	小吃	xiǎochī	10263
4	小伙子	xiǎohuǒzi	4267
4	小说	xiǎoshuō	2624
4	小组	xiǎozǔ	1652
4	效果	xiàoguǒ	1352
4	笑话	xiàohua	4078
4	血	xiě	726
4	心	xīn	291
4	辛苦	xīnkǔ	2449
4	心情	xīnqíng	1302
4	信号	xìnhào	1815
4	信息	xìnxī	612
4	信心	xìnxīn	2405
4	兴奋	xīngfèn	1839
4	星星	xīngxing	4903
4	醒	xǐng	1399
4	性	xìng	775
4	性别	xìngbié	6513
4	幸福	xìngfú	928
4	性格	xìnggé	3053
4	兄弟	xiōngdì	1060
4	熊	xióng	2749
4	修	xiū	1778
4	修理	xiūlǐ	5879
4	许多	xǔduō	969
4	学费	xuéfèi	6307
4	学院	xuéyuàn	2360
4	压	yā	1672
4	压力	yālì	981
4	牙膏	yágāo	9450
4	亚洲	Yàzhōu	3164
4	烟	yān	2110
4	盐	yán	3653
4	严格	yángé	2279
4	研究	yánjiū	582
4	研究生	yánjiūshēng	7033
4	严重	yánzhòng	785
4	演	yǎn	1613
4	演唱	yǎnchàng	3897
4	演出	yǎnchū	1568
4	眼镜	yǎnjìng	3998
4	眼前	yǎnqián	2549
4	演员	yǎnyuán	1643
4	阳光	yángguāng	2043
4	养成	yǎngchéng	13078
4	样子	yàngzi	1140
4	邀请	yāoqǐng	1683
4	要是	yàoshi	1413
4	钥匙	yàoshi	3354
4	也许	yěxǔ	601
4	夜	yè	1082
4	夜晚	yèwǎn	3559
4	叶子	yèzi	10287
4	一切	yíqiè	350
4	已	yǐ	303
4	以内	yǐnèi	7129
4	意见	yìjiàn	995
4	一生	yìshēng	1626
4	艺术	yìshù	1488
4	因此	yīncǐ	668
4	引起	yǐnqǐ	1216
4	印象	yìnxiàng	2109
4	赢	yíng	952
4	赢得	yíngdé	1820
4	应聘	yìngpìn	12946
4	勇敢	yǒnggǎn	2934
4	永远	yǒngyuǎn	599
4	用来	yònglái	3299
4	用于	yòngyú	3191
4	优点	yōudiǎn	5641
4	幽默	yōumò	4810
4	优秀	yōuxiù	1689
4	由	yóu	353
4	油	yóu	1290
4	尤其	yóuqí	2400
4	游玩	yóuwán	16867
4	由于	yóuyú	982
4	友好	yǒuhǎo	3210
4	友情	yǒuqíng	6544
4	有趣	yǒuqù	2524
4	有效	yǒuxiào	1379
4	友谊	yǒuyì	3801
4	有着	yǒuzhe	2225
4	愉快	yúkuài	2823
4	于是	yúshì	1151
4	与	yǔ	147
4	语法	yǔfǎ	13430
4	预习	yùxí	36044
4	原来	yuánlái	790
4	原谅	yuánliàng	2754
4	原因	yuányīn	441
4	远离	yuǎnlí	3854
4	院长	yuànzhǎng	6239
4	院子	yuànzi	6479
4	约	yuē	797
4	约会	yuēhuì	3731
4	月饼	yuèbing	35984
4	阅读	yuèdú	4349
4	月份	yuèfèn	5613
4	云	yún	3335
4	允许	yǔnxǔ	1611
4	杂志	zázhì	1627
4	再次	zàicì	983
4	再说	zàishuō	2395
4	暂时	zànshí	2209
4	暂停	zàntíng	4545
4	早餐	zǎocān	2932
4	早晨	zǎochen	2994
4	责任	zérèn	935
4	增加	zēngjiā	1419
4	增长	zēngzhǎng	3521
4	招聘	zhāopìn	8004
4	着	zháo	38
4	着火	zháohuǒ	8629
4	者	zhě	499
4	真正	zhēnzhèng	544
4	整	zhěng	1315
4	整个	zhěnggè	572
4	整理	zhěnglǐ	2737
4	证	zhèng	1605
4	正常	zhèngcháng	722
4	正好	zhènghǎo	2469
4	证件	zhèngjiàn	5876
4	证明	zhèngmíng	838
4	正确	zhèngquè	1163
4	正式	zhèngshì	1215
4	之	zhī	160
4	支持	zhīchí	546
4	支付	zhīfù	2724
4	之后	zhīhòu	303
4	之间	zhījiān	476
4	之前	zhīqián	479
4	知识	zhīshi	2284
4	之中	zhīzhōng	1618
4	值	zhí	1322
4	值得	zhídé	1037
4	直接	zhíjiē	588
4	植物	zhíwù	3915
4	职业	zhíyè	1317
4	指	zhǐ	639
4	指出	zhǐchū	2661
4	只好	zhǐhǎo	3132
4	纸巾	zhǐjīn	
4	质量	zhìliàng	2805
4	至少	zhìshǎo	868
4	中餐	zhōngcān	14640
4	中年	zhōngnián	6470
4	种	zhòng	179
4	重点	zhòngdiǎn	1381
4	重视	zhòngshì	3506
4	周围	zhōuwéi	1649
4	主意	zhǔyi	3584
4	祝	zhù	1197
4	祝贺	zhùhè	3501
4	著名	zhùmíng	1436
4	专门	zhuānmén	2288
4	专业	zhuānyè	1146
4	转	zhuǎn	508
4	转发	zhuǎnfā	
4	转机	zhuǎnjī	12036
4	赚	zhuàn	2163
4	装	zhuāng	741
4	准	zhǔn	1396
5	准	zhǔn	1396
4	准确	zhǔnquè	2864
4	准时	zhǔnshí	6248
4	资料	zīliào	1130
4	仔细	zǐxì	2274
4	自	zì	566
4	自然	zìrán	929
4	自习	zìxí	
4	自信	zìxìn	2610
4	自学	zìxué	15439
4	总结	zǒngjié	4753
4	租	zū	2332
4	组	zǔ	578
5	组	zǔ	578
4	最终	zuìzhōng	898
4	尊重	zūnzhòng	1926
4	左右	zuǒyòu	1351
7-9	左右	zuǒyòu	1351
4	座	zuò	751
4	做法	zuòfǎ	3019
4	作家	zuòjiā	3034
4	做梦	zuòmèng	4824
4	作品	zuòpǐn	1381
4	作为	zuòwéi	405
4	座位	zuòwèi	4477
4	作文	zuòwén	10798
4	作用	zuòyòng	955
6	作用	zuòyòng	955
4	作者	zuòzhě	2796
5	哎	āi	2092
5	哎呀	āiyā	4772
5	唉	ài	2512
5	爱护	àihù	10522
5	安	ān	1506
5	安全带	ānquándài	
5	安慰	ānwèi	3563
5	安装	ānzhuāng	3653
5	暗	àn	2594
5	熬夜	áoyè	9364
5	把握	bǎwò	3068
5	白	bái	930
5	半夜	bànyè	4212
5	傍晚	bàngwǎn	9979
5	包裹	bāoguǒ	5432
5	包含	bāohán	5524
5	包括	bāokuò	788
5	包装	bāozhuāng	4634
5	薄	báo	4129
5	宝	bǎo	1908
5	保	bǎo	1597
5	保安	bǎo’ān	3028
5	宝贝	bǎobèi	1003
5	保持	bǎochí	644
5	保存	bǎocún	3916
5	宝贵	bǎoguì	5572
5	保留	bǎoliú	2921
5	保险	bǎoxiǎn	1430
5	保质期	bǎozhìqī	23667
5	报到	bàodào	8953
5	报道	bàodào	886
5	报告	bàogào	681
5	报警	bàojǐng	2972
5	暴雨	bàoyǔ	10782
5	抱怨	bàoyuàn	3331
5	背	bèi	1623
5	背后	bèihòu	2349
5	背景	bèijǐng	2420
5	被子	bèizi	8179
5	本	běn	222
5	本地	běndì	3477
5	本领	běnlǐng	10811
5	本人	běnrén	2656
5	本质	běnzhì	5084
5	彼此	bǐcǐ	2165
5	比分	bǐfēn	4795
5	比例	bǐlì	4723
5	比喻	bǐyù	8644
5	必	bì	2532
5	毕竟	bìjìng	2477
5	避免	bìmiǎn	2140
5	闭幕式	bìmùshì	34114
5	必然	bìrán	5199
5	必需	bìxū	7251
5	必要	bìyào	1191
5	便	biàn	811
5	变动	biàndòng	7124
5	便利	biànlì	5991
5	便利店	biànlìdiàn	1000000
5	标题	biāotí	8578
5	标志	biāozhì	2653
5	表达	biǎodá	1660
5	表面	biǎomiàn	2771
5	表明	biǎomíng	1735
5	表情	biǎoqíng	1882
5	别	bié	214
5	饼	bǐng	3918
5	病房	bìngfáng	6422
5	病情	bìngqíng	4668
5	拨打	bōdǎ	6281
5	玻璃	bōli	2557
5	博物馆	bówùguǎn	4179
5	不利	búlì	4288
5	不幸	búxìng	2784
5	不要紧	búyàojǐn	10100
5	补充	bǔchōng	4107
5	不得了	bùdéliǎo	8549
5	不符	bùfú	
5	不良	bùliáng	4514
5	不然	bùrán	2285
7-9	不然	bùrán	2285
5	步行	bùxíng	7842
5	不足	bùzú	2971
5	才	cái	133
5	裁判	cáipàn	4450
5	采访	cǎifǎng	1893
5	采取	cǎiqǔ	1701
5	彩色	cǎisè	7894
5	采用	cǎiyòng	3254
5	参考	cānkǎo	5682
5	餐饮	cānyǐn	11900
5	参与	cānyù	1027
5	藏	cáng	1544
5	操作	cāozuò	2640
5	册	cè	8165
5	测	cè	3003
5	测试	cèshì	1430
5	曾	céng	545
5	曾经	céngjīng	723
5	插	chā	2875
5	差别	chābié	5380
5	差距	chājù	6358
5	叉子	chāzi	26304
5	拆	chāi	3439
5	产	chǎn	2970
5	产量	chǎnliàng	11743
5	产品	chǎnpǐn	1421
5	产业	chǎnyè	4005
5	长处	chángchù	15374
5	长度	chángdù	8167
5	长久	chángjiǔ	6069
5	长期	chángqī	2911
5	常识	chángshí	8740
5	尝试	chángshì	2262
5	长途	chángtú	9492
5	长远	chángyuǎn	8868
5	场所	chǎngsuǒ	4680
5	超	chāo	647
5	超出	chāochū	5642
5	超级	chāojí	1582
5	超速	chāosù	13022
5	朝	cháo	1321
5	吵	chǎo	2738
5	炒	chǎo	2197
5	车祸	chēhuò	4500
5	车库	chēkù	8202
5	车辆	chēliàng	2947
5	车厢	chēxiāng	7116
5	车主	chēzhǔ	8285
5	彻底	chèdǐ	1659
5	沉	chén	4077
5	沉默	chénmò	3369
5	称	chēng	1100
5	称为	chēngwéi	2946
5	称赞	chēngzàn	8495
5	成本	chéngběn	4698
5	承担	chéngdān	2363
5	程度	chéngdù	1455
5	成分	chéngfèn	4143
5	成果	chéngguǒ	3448
5	成就	chéngjiù	3075
5	成立	chénglì	2498
5	成年	chéngnián	8809
5	城区	chéngqū	12302
5	成人	chéngrén	4923
5	承认	chéngrèn	1327
5	承受	chéngshòu	2759
5	成熟	chéngshú	1955
5	乘务员	chéngwùyuán	18480
5	程序	chéngxù	1747
5	成员	chéngyuán	1425
5	成长	chéngzhǎng	2157
5	橙子	chéngzi	
5	池	chí	
5	持续	chíxù	1749
5	尺子	chǐzi	36385
5	翅膀	chìbǎng	6681
5	冲	chōng	1312
5	充电	chōngdiàn	8349
5	充分	chōngfèn	2392
5	充满	chōngmǎn	1405
5	充值	chōngzhí	
5	充足	chōngzú	6559
5	重复	chóngfù	2608
5	虫子	chóngzi	9773
5	宠物	chǒngwù	4648
5	抽	chōu	1603
5	丑	chǒu	3841
5	臭	chòu	2909
5	初	chū	1869
5	出版	chūbǎn	2994
5	初级	chūjí	10185
5	初期	chūqī	8971
5	出色	chūsè	2028
5	出售	chūshòu	3758
5	出席	chūxí	2535
5	出自	chūzì	6845
5	除夕	chúxī	13074
5	处	chǔ	505
5	处理	chǔlǐ	525
5	处于	chǔyú	1772
5	传	chuán	1294
5	传播	chuánbō	3790
5	传递	chuándì	4948
5	传说	chuánshuō	3138
5	传统	chuántǒng	1363
5	窗台	chuāngtái	19155
5	床单	chuángdān	10967
5	创新	chuàngxīn	4749
5	创业	chuàngyè	10754
5	创造	chuàngzào	1476
5	创作	chuàngzuò	3475
5	词汇	cíhuì	9933
5	辞职	cízhí	3889
5	此后	cǐhòu	7508
5	此前	cǐqián	9834
5	此时	cǐshí	3444
5	刺激	cìjī	1968
5	从不	cóngbù	4450
5	从而	cóng’ér	4223
5	从前	cóngqián	5145
5	从事	cóngshì	3339
5	促进	cùjìn	6415
5	促使	cùshǐ	7521
5	促销	cùxiāo	8442
5	催	cuī	4565
5	存放	cúnfàng	9702
5	存款	cúnkuǎn	5825
5	存在	cúnzài	621
5	措施	cuòshī	2102
5	达成	dáchéng	2644
5	打扮	dǎban	4394
5	打包	dǎbāo	7509
5	打断	dǎduàn	6207
5	打破	dǎpò	3158
5	打听	dǎting	7507
5	大胆	dàdǎn	4565
5	大多	dàduō	5520
5	大会	dàhuì	2435
5	大力	dàlì	6036
5	大妈	dàmā	12138
5	大米	dàmǐ	9958
5	大脑	dànǎo	3478
5	大批	dàpī	12318
5	大厦	dàshà	5170
5	大事	dàshì	3503
5	大象	dàxiàng	8819
5	大型	dàxíng	3051
5	大爷	dàye	8931
5	大于	dàyú	9659
5	大众	dàzhòng	3665
5	代	dài	1458
5	代表	dàibiǎo	644
5	带动	dàidòng	12235
5	代替	dàitì	4167
5	待遇	dàiyù	4791
5	单	dān	931
5	单独	dāndú	3019
5	担任	dānrèn	4026
5	单一	dānyī	10541
5	单元	dānyuán	7926
5	胆小	dǎnxiǎo	12847
5	淡	dàn	4795
5	当地	dāngdì	1609
5	当年	dāngnián	2959
5	当前	dāngqián	5108
5	当中	dāngzhōng	2374
5	挡	dǎng	3211
5	当	dàng	155
5	当成	dàngchéng	3853
5	当作	dàngzuò	3444
5	倒	dǎo	780
5	导演	dǎoyǎn	2109
5	导致	dǎozhì	1268
5	到达	dàodá	2131
5	道理	dàolǐ	2521
5	到期	dàoqī	8666
5	登	dēng	2782
5	灯光	dēngguāng	4731
5	登记	dēngjì	2377
5	登录	dēnglù	6988
5	等待	děngdài	1567
5	等候	děnghòu	6248
5	等于	děngyú	3464
5	低头	dītóu	7321
5	的确	díquè	1392
5	敌人	dírén	1731
5	递	dì	7319
5	地理	dìlǐ	6677
5	地面	dìmiàn	3289
5	地区	dìqū	1123
5	地位	dìwèi	2771
5	地下	dìxià	2908
5	地震	dìzhèn	3938
5	点心	diǎnxin	8628
5	点赞	diǎnzàn	
5	电池	diànchí	3997
5	电动	diàndòng	8507
5	电器	diànqì	7826
5	电商	diànshāng	
5	电视台	diànshìtái	3940
5	电子版	diànzǐbǎn	48366
5	调	diào	1481
5	调研	diàoyán	12805
5	定期	dìngqī	7535
5	丢失	diūshī	6608
5	冻	dòng	3883
5	洞	dòng	2225
5	动画	dònghuà	8737
5	动人	dòngrén	7579
5	动手	dòngshǒu	3357
5	豆腐	dòufu	6407
5	豆浆	dòujiāng	20620
5	独立	dúlì	1876
5	独特	dútè	3375
5	读音	dúyīn	28795
5	独自	dúzì	3634
5	堵	dǔ	3782
5	度	dù	925
5	短处	duǎnchù	32713
5	短期	duǎnqī	5844
5	断	duàn	1707
5	堆	duī	2915
5	对比	duìbǐ	5260
5	对待	duìdài	2429
5	对手	duìshǒu	1603
5	队伍	duìwu	1484
5	对象	duìxiàng	1912
5	吨	dūn	4023
5	朵	duǒ	4920
5	躲	duǒ	2378
5	儿女	érnǚ	10636
5	二手	èrshǒu	10587
5	二维码	èrwéimǎ	1000000
5	发表	fābiǎo	1771
5	发布	fābù	2711
5	发达	fādá	5763
5	发挥	fāhuī	1869
5	发明	fāmíng	3943
5	发起	fāqǐ	5460
5	发言	fāyán	4527
5	发音	fāyīn	
5	罚	fá	3393
5	罚款	fákuǎn	6918
5	法院	fǎyuàn	2401
5	翻	fān	1378
5	番茄	fānqié	8632
5	繁荣	fánróng	8156
5	反	fǎn	1290
5	反而	fǎn’ér	3595
5	反复	fǎnfù	4626
5	返回	fǎnhuí	3952
5	反应	fǎnyìng	1118
5	反映	fǎnyìng	3914
5	反正	fǎnzhèng	1968
5	范围	fànwéi	1325
5	方	fāng	1012
5	方案	fāng’àn	2126
5	防	fáng	2008
5	房屋	fángwū	3692
5	防止	fángzhǐ	3244
5	仿佛	fǎngfú	4286
5	访问	fǎngwèn	3182
5	飞行	fēixíng	2835
5	飞行员	fēixíngyuán	5972
5	非洲	Fēizhōu	
5	分别	fēnbié	2885
5	分布	fēnbù	7247
5	纷纷	fēnfēn	7895
5	分类	fēnlèi	6516
5	分离	fēnlí	3769
5	分配	fēnpèi	3851
5	分手	fēnshǒu	2494
5	分析	fēnxī	1101
5	分享	fēnxiǎng	1375
5	奋斗	fèndòu	4365
5	丰富多彩	fēngfù-duōcǎi	15312
5	风格	fēnggé	1644
5	疯狂	fēngkuáng	1657
5	风俗	fēngsú	15849
5	风险	fēngxiǎn	1705
5	否定	fǒudìng	6489
5	否认	fǒurèn	3559
5	夫妇	fūfù	3257
5	扶	fú	4500
5	福	fú	2845
5	服装	fúzhuāng	2475
5	副	fù	1325
5	富	fù	3016
5	付出	fùchū	2087
5	负担	fùdān	3554
5	妇女	fùnǚ	2790
5	富有	fùyǒu	3988
5	复制	fùzhì	5395
5	改革	gǎigé	4569
5	改进	gǎijìn	4265
5	改善	gǎishàn	3674
5	改天	gǎitiān	
5	改正	gǎizhèng	10338
5	盖	gài	2188
5	概括	gàikuò	11872
5	概念	gàiniàn	3465
5	敢于	gǎnyú	9461
5	刚好	gānghǎo	4782
5	高大	gāodà	8700
5	高档	gāodàng	6468
5	高度	gāodù	2308
5	高级	gāojí	2221
5	高科技	gāokējì	28429
5	高效	gāoxiào	9764
5	搞	gǎo	387
5	告别	gàobié	4591
5	歌词	gēcí	5523
5	歌曲	gēqǔ	2500
5	隔	gé	3463
5	格外	géwài	8815
5	个别	gèbié	6477
5	各行各业	gèháng-gèyè	
5	个人	gèrén	636
5	个性	gèxìng	2614
5	各自	gèzì	3398
5	根	gēn	1181
5	根本	gēnběn	591
5	更换	gēnghuàn	6605
5	更新	gēngxīn	5383
5	公布	gōngbù	2655
5	工程	gōngchéng	2579
5	工程师	gōngchéngshī	5605
5	工具	gōngjù	2299
5	功能	gōngnéng	2138
5	公平	gōngpíng	2218
5	公务员	gōngwùyuán	8047
5	恭喜	gōngxǐ	2480
5	工业	gōngyè	3316
5	工艺	gōngyì	10095
5	公寓	gōngyù	2963
5	贡献	gòngxiàn	2991
5	共享	gòngxiǎng	5789
5	沟通	gōutōng	3266
5	构成	gòuchéng	4510
5	古	gǔ	2558
5	鼓	gǔ	5510
5	古代	gǔdài	6123
5	古老	gǔlǎo	5243
5	鼓掌	gǔzhǎng	6623
5	固定	gùdìng	3096
5	故乡	gùxiāng	9198
5	挂号	guàhào	28577
5	怪	guài	1329
5	关闭	guānbì	3178
5	观察	guānchá	1708
5	观点	guāndiǎn	2211
5	观念	guānniàn	4558
5	冠军	guànjūn	1133
5	光临	guānglín	8731
5	光明	guāngmíng	5030
5	光线	guāngxiàn	7080
5	广	guǎng	4029
5	广场	guǎngchǎng	2900
5	广大	guǎngdà	9553
5	广泛	guǎngfàn	6278
5	规律	guīlǜ	4786
5	规模	guīmó	4088
5	规则	guīzé	1924
5	贵姓	guìxìng	
5	柜子	guìzi	11420
5	滚	gǔn	2046
5	锅	guō	3812
5	国画	guóhuà	23390
5	国庆	guóqìng	13274
5	果然	guǒrán	3104
5	果实	guǒshí	13530
5	过度	guòdù	3967
5	过分	guòfèn	3578
5	过敏	guòmǐn	5527
5	过期	guòqī	9636
5	过于	guòyú	4170
5	哈	hā	676
5	海关	hǎiguān	7955
5	海外	hǎiwài	7991
5	海鲜	hǎixiān	9209
5	含	hán	3249
5	含量	hánliàng	4617
5	含有	hányǒu	5329
5	汗水	hànshuǐ	12168
5	行	háng	272
5	行业	hángyè	2346
5	好评	hǎopíng	10450
5	好运	hǎoyùn	2099
5	好转	hǎozhuǎn	5108
5	好	hào	20
5	好奇	hàoqí	3798
5	合	hé	1643
5	合法	héfǎ	2570
5	盒饭	héfàn	23326
5	合理	hélǐ	1935
5	河流	héliú	8996
5	合同	hétóng	1766
5	合影	héyǐng	9596
5	合作	hézuò	668
5	黑	hēi	724
5	红	hóng	794
5	猴子	hóuzi	5675
5	厚度	hòudù	17989
5	后果	hòuguǒ	3157
5	忽视	hūshì	5020
5	呼吸	hūxī	2003
5	湖	hú	2468
5	蝴蝶	húdié	6484
5	胡同	hútòng	20715
5	互动	hùdòng	7181
5	户外	hùwài	7642
5	花费	huāfèi	5505
5	滑	huá	2639
5	划	huá	2993
5	化	huà	2027
6	化	huà	2027
5	话费	huàfèi	23912
5	画面	huàmiàn	3453
5	话题	huàtí	2557
5	化学	huàxué	3282
5	环节	huánjié	3149
5	缓解	huǎnjiě	5722
5	缓慢	huǎnmàn	6772
5	黄瓜	huángguā	10535
5	黄金	huángjīn	2676
5	灰	huī	2914
5	挥	huī	3969
5	恢复	huīfù	1219
5	灰色	huīsè	6466
5	回收	huíshōu	5818
5	汇率	huìlǜ	18037
5	婚礼	hūnlǐ	2548
5	伙	huǒ	4111
5	伙伴	huǒbàn	2698
5	火锅	huǒguō	15037
5	或是	huòshì	2438
5	货物	huòwù	5745
5	或许	huòxǔ	1228
5	机构	jīgòu	1289
5	激烈	jīliè	3088
5	机器	jīqì	2625
5	机器人	jīqìrén	4844
5	肌肉	jīròu	3562
5	及	jí	678
5	级	jí	1454
5	集	jí	1190
5	疾病	jíbìng	2270
5	及格	jígé	9699
5	集合	jíhé	5571
5	即将	jíjiāng	1906
5	急忙	jímáng	18562
5	极其	jíqí	4627
5	集体	jítǐ	3804
5	急需	jíxū	7649
5	急诊	jízhěn	11305
5	集中	jízhōng	1271
5	挤	jǐ	3042
5	系	jì	1415
5	季度	jìdù	5266
5	记录	jìlù	1305
5	纪录	jìlù	3694
5	纪录片	jìlùpiàn	12167
5	技能	jìnéng	4372
5	纪念	jìniàn	2842
5	纪念日	jìniànrì	9147
5	计算	jìsuàn	2980
5	计算机	jìsuànjī	3682
5	记忆	jìyì	1839
5	记载	jìzǎi	6338
5	嘉宾	jiābīn	5047
5	家电	jiādiàn	30196
5	加工	jiāgōng	6286
5	加热	jiārè	8463
5	加深	jiāshēn	12768
5	加速	jiāsù	3588
5	家务	jiāwù	9208
5	甲	jiǎ	2984
5	假如	jiǎrú	3671
5	架	jià	1375
5	驾驶	jiàshǐ	2978
5	驾照	jiàzhào	10477
5	价值	jiàzhí	1136
5	艰苦	jiānkǔ	6580
5	坚强	jiānqiáng	2557
5	捡	jiǎn	4100
5	剪	jiǎn	3012
5	剪刀	jiǎndāo	9563
5	减肥	jiǎnféi	3988
5	简历	jiǎnlì	7973
5	简直	jiǎnzhí	1797
5	建	jiàn	1679
5	键	jiàn	5438
5	渐渐	jiànjiàn	4452
5	建立	jiànlì	1182
5	键盘	jiànpán	8141
5	建设	jiànshè	4276
5	建造	jiànzào	3900
5	建筑	jiànzhù	1649
5	将近	jiāngjìn	7225
5	讲话	jiǎnghuà	2064
5	讲究	jiǎngjiu	9711
5	奖励	jiǎnglì	2746
5	讲述	jiǎngshù	5134
5	讲座	jiǎngzuò	8858
5	降水	jiàngshuǐ	
5	浇	jiāo	7803
5	交换	jiāohuàn	3196
5	交往	jiāowǎng	3394
5	交易	jiāoyì	880
5	脚步	jiǎobù	5649
5	角度	jiǎodù	1907
5	较	jiào	2836
5	教材	jiàocái	16199
5	接触	jiēchù	1912
5	接待	jiēdài	5407
5	阶段	jiēduàn	1945
5	接近	jiējìn	1720
5	接收	jiēshōu	5350
5	结	jié	2051
5	结构	jiégòu	2786
5	结合	jiéhé	2371
5	结论	jiélùn	3269
5	节省	jiéshěng	7027
5	届	jiè	3211
5	今日	jīnrì	3198
5	紧	jǐn	1601
5	紧急	jǐnjí	2072
5	尽快	jǐnkuài	1987
5	尽量	jǐnliàng	2279
5	紧密	jǐnmì	6128
5	谨慎	jǐnshèn	4482
5	进步	jìnbù	2425
5	近代	jìndài	20713
5	进口	jìnkǒu	5578
5	尽力	jìnlì	4488
5	近年来	jìnniánlái	15924
5	近期	jìnqī	6658
5	近日	jìnrì	14847
5	进一步	jìnyíbù	1996
5	经典	jīngdiǎn	2400
5	精力	jīnglì	3458
5	精神	jīngshen	640
5	惊喜	jīngxǐ	2211
5	经营	jīngyíng	1867
5	静	jìng	3112
5	酒吧	jiǔbā	3070
5	久远	jiǔyuǎn	
5	救	jiù	1217
5	救护车	jiùhùchē	8140
5	就业	jiùyè	7863
5	居民	jūmín	2479
5	居然	jūrán	1095
5	居住	jūzhù	4023
5	橘子	júzi	7748
5	据	jù	1000
5	距	jù	4925
5	具备	jùbèi	4462
5	剧场	jùchǎng	7765
5	巨大	jùdà	1540
5	据说	jùshuō	3486
5	具体	jùtǐ	1638
5	具有	jùyǒu	1749
5	捐	juān	4602
5	绝对	juéduì	744
5	决赛	juésài	2326
5	角色	juésè	1656
5	决心	juéxīn	4092
5	开发	kāifā	2981
5	开放	kāifàng	3036
5	开幕	kāimù	9221
5	开幕式	kāimùshì	9329
5	开水	kāishuǐ	16321
5	开通	kāitōng	4644
5	开业	kāiyè	7802
5	开展	kāizhǎn	6041
5	看	kān	52
5	看望	kànwàng	8053
5	看作	kànzuò	7737
5	靠	kào	622
5	靠近	kàojìn	3359
5	颗	kē	1392
5	科研	kēyán	9732
5	可见	kějiàn	8748
5	可靠	kěkào	4079
5	可怕	kěpà	2006
5	克服	kèfú	4119
5	客服	kèfú	
5	客观	kèguān	5447
5	客户	kèhù	1095
5	空间	kōngjiān	1306
5	空中	kōngzhōng	3417
5	控制	kòngzhì	569
5	口袋	kǒudai	4512
5	口味	kǒuwèi	4455
5	库	kù	2737
5	宽	kuān	3471
6	宽	kuān	3471
5	宽度	kuāndù	17535
5	亏	kuī	8080
5	昆虫	kūnchóng	11860
5	扩大	kuòdà	3635
5	来源	láiyuán	2383
5	劳动	láodòng	4748
5	老百姓	lǎobǎixìng	7618
5	老板	lǎobǎn	1185
5	老公	lǎogōng	2319
5	姥姥	lǎolao	12173
5	老婆	lǎopo	1565
5	姥爷	lǎoye	27327
5	乐观	lèguān	4002
5	乐趣	lèqù	4402
5	泪	lèi	5719
5	类	lèi	1096
5	泪水	lèishuǐ	7812
5	类似	lèisì	2276
5	类型	lèixíng	2598
5	梨	lí	7831
5	离婚	líhūn	2723
5	厘米	límǐ	23825
5	离职	lízhí	12191
5	理论	lǐlùn	1462
5	里头	lǐtou	9692
5	理由	lǐyóu	1280
5	力	lì	851
5	立即	lìjí	1862
5	立刻	lìkè	1875
5	力量	lìliàng	900
5	利润	lìrùn	3776
5	利益	lìyì	2117
5	利用	lìyòng	766
5	联合	liánhé	2190
5	连接	liánjiē	3426
5	连忙	liánmáng	50741
5	连续	liánxù	2315
5	脸色	liǎnsè	4977
5	恋爱	liàn’ài	2496
5	良好	liánghǎo	2227
5	粮食	liángshi	6379
5	量	liàng	2147
5	了不起	liǎobuqǐ	5874
5	列车	lièchē	4242
5	临时	línshí	3015
5	铃	líng	6132
5	灵活	línghuó	6491
5	领	lǐng	2044
5	领带	lǐngdài	9352
5	领导	lǐngdǎo	1433
5	领取	lǐngqǔ	10119
5	领先	lǐngxiān	2791
5	领域	lǐngyù	2459
5	令	lìng	776
5	流传	liúchuán	7952
5	流感	liúgǎn	5632
5	浏览	liúlǎn	7707
5	留言	liúyán	4582
5	龙	lóng	1547
5	漏	lòu	4288
5	录	lù	2200
5	陆地	lùdì	11452
5	录取	lùqǔ	5087
5	路人	lùrén	10260
5	路线	lùxiàn	2824
5	陆续	lùxù	12648
5	录音	lùyīn	5402
5	旅行社	lǚxíngshè	11103
5	论文	lùnwén	4207
5	逻辑	luójí	4974
5	骂	mà	2622
5	买卖	mǎimai	3721
5	满足	mǎnzú	1555
5	忙碌	mánglù	6465
5	毛笔	máobǐ	37393
5	毛病	máobìng	4966
5	矛盾	máodùn	2794
5	没法儿	méifǎr	41071
5	玫瑰	méigui	3964
5	媒体	méitǐ	1246
5	美术	měishù	9170
5	美味	měiwèi	4278
5	魅力	mèilì	2677
5	门诊	ménzhěn	9195
5	迷	mí	2123
5	迷路	mílù	8871
5	秘密	mìmì	1577
5	密切	mìqiè	5024
5	秘书	mìshū	4599
5	面积	miànjī	6252
5	面临	miànlín	2363
5	面向	miànxiàng	7350
5	描述	miáoshù	3196
5	敏感	mǐngǎn	3233
5	名称	míngchēng	6563
5	名牌	míngpái	6602
5	名片	míngpiàn	6747
5	明确	míngquè	2369
5	明显	míngxiǎn	710
5	明星	míngxīng	1452
5	命	mìng	1484
5	命运	mìngyùn	2268
5	摸	mō	2716
5	模糊	móhu	5378
5	模式	móshì	2502
5	陌生	mòshēng	4488
5	某	mǒu	913
5	目光	mùguāng	4325
5	木头	mùtou	8812
5	哪怕	nǎpà	4106
5	难得	nándé	5125
5	难度	nándù	4295
5	难以	nányǐ	1716
5	男子	nánzǐ	2377
5	闹	nào	2160
5	闹钟	nàozhōng	9357
5	内部	nèibù	1865
5	能干	nénggàn	15736
5	年初	niánchū	18414
5	年代	niándài	1430
5	年纪	niánjì	3247
5	年夜饭	niányèfàn	13754
5	念	niàn	2410
5	牛仔裤	niúzǎikù	7666
5	浓	nóng	4948
5	农民	nóngmín	3710
5	农业	nóngyè	6155
5	女子	nǚzǐ	2271
5	哦	ò	186
5	欧洲	Ōuzhōu	1929
5	偶然	ǒurán	5343
5	拍摄	pāishè	1697
5	排列	páiliè	8340
5	派	pài	751
7-9	派	pài	751
5	派出所	pàichūsuǒ	
5	跑道	pǎodào	10727
5	赔	péi	5207
5	陪伴	péibàn	5677
5	培训	péixùn	3619
5	培养	péiyǎng	3133
5	配	pèi	1557
5	配合	pèihé	2349
5	配送	pèisòng	21165
5	盆	pén	6022
5	碰	pèng	2829
5	碰见	pèngjiàn	13656
5	批	pī	2398
5	批准	pīzhǔn	2614
5	匹	pǐ	3794
5	骗	piàn	1935
5	拼	pīn	2461
5	拼音	pīnyīn	
5	品	pǐn	2922
7-9	品	pǐn	2922
5	品牌	pǐnpái	2178
5	品质	pǐnzhì	5177
5	品种	pǐnzhǒng	6332
5	聘请	pìnqǐng	9178
5	平	píng	1707
7-9	平	píng	1707
5	评	píng	6762
5	凭	píng	2277
5	平安	píng’ān	3137
5	平衡	pínghéng	3034
5	评价	píngjià	2119
5	凭借	píngjiè	7693
5	平静	píngjìng	3136
5	平均	píngjūn	3513
5	屏幕	píngmù	3538
5	平台	píngtái	4530
5	破坏	pòhuài	1527
5	普及	pǔjí	17888
5	期待	qīdài	1312
5	期间	qījiān	1703
5	齐	qí	2763
6	齐	qí	2763
5	其	qí	539
5	奇迹	qíjì	3345
5	其余	qíyú	4081
5	企业	qǐyè	2296
5	气球	qìqiú	9459
5	汽油	qìyóu	4939
5	签	qiān	2244
5	签订	qiāndìng	8257
5	签名	qiānmíng	3185
5	签字	qiānzì	5289
5	前进	qiánjìn	2618
5	前来	qiánlái	4529
5	前途	qiántú	4857
5	前往	qiánwǎng	2491
5	浅	qiǎn	5099
5	欠	qiàn	2126
5	墙	qiáng	1741
5	强大	qiángdà	1814
5	强调	qiángdiào	3839
5	强度	qiángdù	7098
5	强烈	qiángliè	2212
5	抢	qiǎng	1191
5	抢救	qiǎngjiù	6580
5	悄悄	qiāoqiāo	6355
5	切	qiē	1757
5	亲	qīn	1044
5	亲爱	qīn’ài	1202
5	亲朋好友	qīnpéng-hǎoyǒu	17899
5	亲切	qīnqiè	6543
5	亲情	qīnqíng	14155
5	亲人	qīnrén	4699
5	亲自	qīnzì	2353
5	勤奋	qínfèn	10815
5	青	qīng	2780
5	轻易	qīngyì	3836
5	轻重	qīngzhòng	
5	情感	qínggǎn	2942
5	情景	qíngjǐng	5196
5	情绪	qíngxù	1810
5	请教	qǐngjiào	11806
5	请求	qǐngqiú	2837
5	穷	qióng	4355
5	趋势	qūshì	6576
5	区域	qūyù	1701
5	去世	qùshì	3502
5	权	quán	1198
7-9	权	quán	1198
5	权利	quánlì	1696
5	全力	quánlì	3164
5	全面	quánmiàn	2552
5	全体	quántǐ	3036
5	全新	quánxīn	2862
5	劝	quàn	3745
5	缺乏	quēfá	2593
5	确保	quèbǎo	1674
5	确定	quèdìng	651
5	确认	quèrèn	2006
5	群	qún	1165
5	群体	qúntǐ	5755
5	燃烧	ránshāo	4624
5	绕	rào	3312
5	热爱	rè’ài	4185
5	热量	rèliàng	8063
5	热烈	rèliè	4022
5	热心	rèxīn	7849
5	人才	réncái	2673
5	人工	réngōng	5772
5	人际	rénjì	
5	人口	rénkǒu	2767
5	人类	rénlèi	1038
5	人力	rénlì	7315
5	人民	rénmín	970
5	人民币	rénmínbì	21641
5	人群	rénqún	2966
5	人体	réntǐ	3594
5	人物	rénwù	1410
5	忍	rěn	2712
5	认	rèn	3212
5	日历	rìlì	13555
5	日用品	rìyòngpǐn	24114
5	如	rú	399
5	如此	rúcǐ	493
5	如何	rúhé	391
5	如今	rújīn	2487
5	如同	rútóng	3867
5	如下	rúxià	5960
5	软	ruǎn	3178
5	软件	ruǎnjiàn	3539
5	弱	ruò	2968
5	洒	sǎ	6215
5	赛场	sàichǎng	7283
5	色彩	sècǎi	4732
5	沙漠	shāmò	5824
5	沙子	shāzi	11546
5	傻	shǎ	1197
5	晒	shài	3679
5	删	shān	5923
5	扇	shān	3773
5	删除	shānchú	7087
5	山区	shānqū	10416
5	擅长	shàncháng	4999
5	善良	shànliáng	4078
5	善于	shànyú	5447
5	扇子	shànzi	24273
5	伤	shāng	715
5	伤害	shānghài	1296
5	商家	shāngjiā	
5	商人	shāngrén	5221
5	商务	shāngwù	5810
5	商业	shāngyè	2129
5	赏	shǎng	8287
5	上传	shàngchuán	
5	上升	shàngshēng	2810
5	上下	shàngxià	4808
5	上涨	shàngzhǎng	7924
5	烧	shāo	1488
5	烧烤	shāokǎo	7139
5	蛇	shé	3448
5	舍不得	shěbude	8924
5	舍得	shěde	11956
5	设备	shèbèi	1590
5	设计	shèjì	765
5	设立	shèlì	5179
5	社区	shèqū	1886
5	设施	shèshī	3321
5	摄影	shèyǐng	3191
5	设置	shèzhì	3247
5	伸	shēn	4337
5	身材	shēncái	3318
5	深度	shēndù	5852
5	身份	shēnfèn	1401
5	深厚	shēnhòu	13803
5	深刻	shēnkè	2542
5	深入	shēnrù	2940
5	深远	shēnyuǎn	13635
5	神话	shénhuà	6046
5	神秘	shénmì	2364
5	升	shēng	1863
5	生产	shēngchǎn	2146
5	生存	shēngcún	2389
5	生动	shēngdòng	7805
5	升级	shēngjí	3585
5	升温	shēngwēn	15396
5	生物	shēngwù	2117
5	生肖	shēngxiào	
5	生长	shēngzhǎng	4189
5	省	shěng	1081
5	省份	shěngfèn	
5	省会	shěnghuì	27605
5	胜	shèng	1663
5	胜利	shènglì	1445
5	诗	shī	2594
5	湿	shī	2585
5	失恋	shīliàn	10035
5	失眠	shīmián	7134
5	诗人	shīrén	6166
5	失误	shīwù	4614
5	失业	shīyè	4758
5	时差	shíchā	15662
5	时常	shícháng	7880
5	时代	shídài	1384
5	实践	shíjiàn	5107
5	时刻	shíkè	1705
5	实力	shílì	2445
5	时期	shíqī	2090
5	实施	shíshī	2584
5	石头	shítou	3169
5	实习	shíxí	6022
5	实现	shíxiàn	1144
5	实行	shíxíng	4383
5	实验	shíyàn	1879
5	实验室	shíyànshì	3028
5	实用	shíyòng	8149
5	食用	shíyòng	9604
5	使得	shǐde	2959
5	始终	shǐzhōng	2984
5	式	shì	1463
5	适当	shìdàng	3864
5	似的	shìde	2525
5	事故	shìgù	1493
5	事件	shìjiàn	973
5	试卷	shìjuàn	12765
5	市民	shìmín	2765
5	事实	shìshí	1092
5	视为	shìwéi	6165
5	事物	shìwù	3523
5	事先	shìxiān	4757
5	试验	shìyàn	2151
5	事业	shìyè	1326
5	试用	shìyòng	11007
5	适用	shìyòng	5429
5	收获	shōuhuò	3809
5	收集	shōují	2924
5	收看	shōukàn	7983
5	守	shǒu	2638
5	首次	shǒucì	20591
5	手段	shǒuduàn	1890
5	手工	shǒugōng	6943
5	手术	shǒushù	1041
5	手套	shǒutào	6306
5	手续	shǒuxù	5265
5	手指	shǒuzhǐ	3266
5	售价	shòujià	18675
5	蔬菜	shūcài	4103
5	书法	shūfǎ	15051
5	书房	shūfáng	9549
5	书架	shūjià	16554
5	输入	shūrù	4724
5	舒适	shūshì	4270
5	熟练	shúliàn	9623
5	熟人	shúrén	8931
5	数	shǔ	852
5	鼠标	shǔbiāo	18087
5	属于	shǔyú	1036
5	束	shù	6473
5	数据	shùjù	1496
5	树木	shùmù	9271
5	摔	shuāi	3263
5	双方	shuāngfāng	2714
5	水分	shuǐfèn	10494
5	税	shuì	3627
5	睡眠	shuìmián	4716
5	顺	shùn	2780
5	说不定	shuōbudìng	4677
5	说服	shuōfú	4892
5	思考	sīkǎo	2231
5	私人	sīrén	2449
5	思维	sīwéi	3914
5	思想	sīxiǎng	1525
5	四处	sìchù	4649
5	似乎	sìhū	997
5	四周	sìzhōu	5269
5	搜	sōu	3653
5	搜索	sōusuǒ	3062
5	宿舍	sùshè	4045
5	酸甜苦辣	suān-tián-kǔ-là	32890
5	随	suí	915
5	随后	suíhòu	3562
5	随时	suíshí	2085
5	随手	suíshǒu	12138
5	随意	suíyì	3794
5	碎	suì	2313
5	损害	sǔnhài	5173
5	损失	sǔnshī	1930
5	缩短	suōduǎn	9438
5	缩小	suōxiǎo	5320
5	所	suǒ	159
5	锁	suǒ	2607
5	他人	tārén	2618
5	台灯	táidēng	17349
5	台阶	táijiē	7435
5	太太	tàitai	3823
5	谈话	tánhuà	3136
5	桃	táo	6265
5	套	tào	715
5	特产	tèchǎn	21019
5	特色	tèsè	4212
5	特殊	tèshū	1632
5	特有	tèyǒu	9336
5	特征	tèzhēng	3497
5	疼痛	téngtòng	3944
5	提倡	tíchàng	11719
5	提交	tíjiāo	5768
5	题目	tímù	7020
5	提起	tíqǐ	3871
5	提升	tíshēng	3275
5	提问	tíwèn	5085
5	体会	tǐhuì	3605
5	体力	tǐlì	6132
5	体现	tǐxiàn	4185
5	体验	tǐyàn	2553
5	替	tì	1826
5	天空	tiānkōng	3292
5	天上	tiānshàng	5808
5	填	tián	4140
5	甜品	tiánpǐn	
5	挑	tiāo	2310
5	挑选	tiāoxuǎn	4696
5	调皮	tiáopí	12299
5	调整	tiáozhěng	2032
5	挑战	tiǎozhàn	1571
5	跳高	tiàogāo	29918
5	跳远	tiàoyuǎn	40040
5	贴	tiē	1971
5	铁路	tiělù	4310
5	停留	tíngliú	5875
5	通常	tōngcháng	1897
5	通行	tōngxíng	9027
5	同	tóng	442
5	同情	tóngqíng	4665
5	同一	tóngyī	4145
5	统计	tǒngjì	3473
5	统一	tǒngyī	3308
5	痛苦	tòngkǔ	1336
5	投	tóu	1081
5	投入	tóurù	1661
5	突出	tūchū	3980
5	图画	túhuà	14983
5	图书	túshū	7804
5	土地	tǔdì	1563
5	土豆	tǔdòu	5611
5	兔子	tùzi	5002
5	团	tuán	1597
5	团队	tuánduì	2500
5	推动	tuīdòng	5417
5	推广	tuīguǎng	6093
5	推荐	tuījiàn	2168
5	推进	tuījìn	3651
5	退	tuì	1809
5	退出	tuìchū	2723
5	退还	tuìhuán	
5	退休	tuìxiū	3442
5	拖鞋	tuōxié	10344
5	外部	wàibù	6530
5	外公	wàigōng	10197
5	外观	wàiguān	12593
5	外婆	wàipó	5967
5	外形	wàixíng	8907
5	弯	wān	5007
5	玩具	wánjù	3240
5	完美	wánměi	1292
5	完善	wánshàn	5660
5	完整	wánzhěng	2824
5	万一	wànyī	2483
5	往返	wǎngfǎn	13580
5	网络	wǎngluò	1462
5	危害	wēihài	5260
5	微笑	wēixiào	2208
5	威胁	wēixié	1564
5	围	wéi	2818
5	为	wéi	58
5	维持	wéichí	2514
5	违法	wéifǎ	2910
5	违反	wéifǎn	3160
5	围巾	wéijīn	7051
5	围绕	wéirào	5297
5	维修	wéixiū	4508
5	唯一	wéiyī	426
5	尾巴	wěiba	6892
5	伟大	wěidà	1387
5	胃	wèi	3072
5	喂	wèi	1301
5	未来	wèilái	765
5	位于	wèiyú	3108
5	位置	wèizhì	1003
5	温暖	wēnnuǎn	2753
5	文学	wénxué	4277
5	稳定	wěndìng	1539
5	问卷	wènjuàn	13374
5	握	wò	4486
5	卧室	wòshì	4607
5	握手	wòshǒu	6920
5	无关	wúguān	3342
5	无奈	wúnài	8772
5	无数	wúshù	3156
5	无限	wúxiàn	4514
5	无效	wúxiào	4758
5	舞蹈	wǔdǎo	2684
5	武术	wǔshù	9314
5	舞台	wǔtái	2023
5	五颜六色	wǔyán-liùsè	28844
5	雾	wù	4332
5	物价	wùjià	17118
5	物理	wùlǐ	4843
5	物品	wùpǐn	3016
5	物业	wùyè	12455
5	物质	wùzhì	2353
5	西餐	xīcān	31561
5	吸管	xīguǎn	18880
5	吸收	xīshōu	4256
5	西装	xīzhuāng	6433
5	戏	xì	1763
5	细节	xìjié	2507
5	戏剧	xìjù	5290
5	系统	xìtǒng	552
5	下载	xiàzài	4502
5	先后	xiānhòu	9452
5	先进	xiānjìn	3190
5	闲	xián	5440
5	显得	xiǎnde	2352
5	显然	xiǎnrán	1345
5	显示	xiǎnshì	1030
5	县	xiàn	3513
5	现场	xiànchǎng	627
5	现代	xiàndài	2512
5	现代化	xiàndàihuà	10626
5	线路	xiànlù	4070
5	现实	xiànshí	1237
5	现象	xiànxiàng	2440
5	限制	xiànzhì	2479
5	现状	xiànzhuàng	5540
5	乡	xiāng	5793
5	相处	xiāngchǔ	3898
5	乡村	xiāngcūn	4094
5	相当	xiāngdāng	1139
5	相对	xiāngduì	3673
5	相关	xiāngguān	1782
5	相似	xiāngsì	4024
5	想念	xiǎngniàn	3090
5	响声	xiǎngshēng	16743
5	享受	xiǎngshòu	1102
5	想象	xiǎngxiàng	1608
5	相册	xiàngcè	
5	项目	xiàngmù	908
5	橡皮	xiàngpí	17575
5	向上	xiàngshàng	6564
5	象征	xiàngzhēng	5049
5	消费	xiāofèi	4382
5	消费者	xiāofèizhě	7354
5	消化	xiāohuà	5399
5	消极	xiāojí	7959
5	销量	xiāoliàng	6489
5	消失	xiāoshī	1528
5	销售	xiāoshòu	1999
5	小姐	xiǎojiě	1575
5	小型	xiǎoxíng	5057
5	小于	xiǎoyú	15276
5	效率	xiàolǜ	5188
5	斜	xié	7766
5	协议	xiéyì	1554
5	写作	xiězuò	5219
5	新郎	xīnláng	8652
5	心理	xīnlǐ	1160
5	新娘	xīnniáng	4498
5	新人	xīnrén	4775
5	欣赏	xīnshǎng	2305
5	心态	xīntài	6962
5	新型	xīnxíng	7169
5	信封	xìnfēng	10268
5	信任	xìnrèn	1963
5	信用	xìnyòng	5789
5	行程	xíngchéng	6301
5	形成	xíngchéng	2335
5	行动	xíngdòng	666
5	行人	xíngrén	10141
5	形容	xíngróng	4235
5	形式	xíngshì	2476
5	形势	xíngshì	3741
5	行驶	xíngshǐ	5640
5	行为	xíngwéi	734
5	形象	xíngxiàng	2124
5	形状	xíngzhuàng	5839
5	行走	xíngzǒu	6775
5	幸运	xìngyùn	1830
5	性质	xìngzhì	6027
5	修改	xiūgǎi	3871
5	修建	xiūjiàn	8670
5	休闲	xiūxián	5276
5	需	xū	1631
5	需求	xūqiú	3122
5	虚心	xūxīn	25241
5	宣布	xuānbù	1467
5	宣传	xuānchuán	2072
5	选手	xuǎnshǒu	1025
5	学分	xuéfēn	15668
5	学科	xuékē	11598
5	学历	xuélì	9089
5	学年	xuénián	19939
5	学术	xuéshù	6632
5	学者	xuézhě	5241
5	雪糕	xuěgāo	
5	询问	xúnwèn	3515
5	寻找	xúnzhǎo	1444
5	训练	xùnliàn	985
5	迅速	xùnsù	2524
5	呀	yā	432
5	押金	yājīn	17113
5	压岁钱	yāsuìqián	30823
5	鸭子	yāzi	8269
5	牙齿	yáchǐ	4626
5	沿	yán	4970
5	延长	yáncháng	5928
5	研发	yánfā	6428
5	严肃	yánsù	3552
5	研制	yánzhì	8797
5	眼	yǎn	762
5	演讲	yǎnjiǎng	3526
5	眼泪	yǎnlèi	3450
5	阳台	yángtái	6690
5	样式	yàngshì	14126
5	腰	yāo	3323
5	摇	yáo	3118
5	咬	yǎo	2563
5	要不	yàobù	3885
5	要不是	yàobúshì	14653
5	药品	yàopǐn	3431
5	药物	yàowù	1991
5	夜间	yèjiān	6232
5	夜市	yèshì	29040
5	业务	yèwù	2972
5	业余	yèyú	5236
5	依据	yījù	4533
5	依靠	yīkào	2967
5	医疗	yīliáo	1749
5	依然	yīrán	1943
5	医学	yīxué	3044
5	移	yí	3002
5	一次性	yícìxìng	7116
5	一代	yídài	9102
5	一旦	yídàn	1323
5	移动	yídòng	1997
5	遗憾	yíhàn	1908
5	一路	yílù	2451
5	一路顺风	yílù-shùnfēng	17523
5	疑问	yíwèn	5419
5	一致	yízhì	1957
5	乙	yǐ	7820
5	以	yǐ	166
7-9	以	yǐ	166
5	以及	yǐjí	558
5	以来	yǐlái	1117
5	亿	yì	3215
5	意识	yìshí	1263
5	意外	yìwài	1703
5	意味着	yìwèizhe	1594
5	义务	yìwù	3344
5	意义	yìyì	807
5	因而	yīn’ér	8979
5	音量	yīnliàng	13653
5	因素	yīnsù	2704
5	引进	yǐnjìn	8315
5	饮食	yǐnshí	5648
5	印刷	yìnshuā	8873
5	应当	yīngdāng	3391
5	迎	yíng	8262
5	迎接	yíngjiē	4264
5	营养	yíngyǎng	4865
5	营业	yíngyè	6105
5	影片	yǐngpiàn	3433
5	影视	yǐngshì	12925
5	硬	yìng	2476
5	应对	yìngduì	7020
5	硬件	yìngjiàn	10323
5	应用	yìngyòng	5484
5	拥抱	yōngbào	3677
5	拥有	yōngyǒu	692
5	勇气	yǒngqì	3096
5	用法	yòngfǎ	29232
5	用户	yònghù	4213
5	用力	yònglì	6274
5	用品	yòngpǐn	4978
5	用途	yòngtú	8360
5	优惠	yōuhuì	6443
5	悠久	yōujiǔ	12577
5	优良	yōuliáng	10627
5	优美	yōuměi	7192
5	优势	yōushì	2080
5	优质	yōuzhì	10298
5	由此	yóucǐ	6883
5	邮寄	yóujì	
5	邮局	yóujú	11689
5	游览	yóulǎn	12549
5	邮票	yóupiào	9219
5	油条	yóutiáo	
5	犹豫	yóuyù	5102
5	有害	yǒuhài	7768
5	有力	yǒulì	4350
5	有利	yǒulì	4172
5	有限	yǒuxiàn	4159
5	有益	yǒuyì	7633
5	有助于	yǒuzhùyú	6239
5	幼儿园	yòu’éryuán	5893
5	娱乐	yúlè	2283
5	语气	yǔqì	5826
5	雨水	yǔshuǐ	11013
5	语文	yǔwén	
5	语音	yǔyīn	6221
5	预报	yùbào	8603
5	预测	yùcè	3092
5	预订	yùdìng	6551
5	预防	yùfáng	5185
5	预计	yùjì	3808
5	玉米	yùmǐ	3314
5	预约	yùyuē	6574
5	原	yuán	1178
5	圆	yuán	2899
5	原有	yuányǒu	10932
5	元旦	Yuándàn	17634
5	员工	yuángōng	1852
5	原则	yuánzé	2188
5	愿	yuàn	1709
5	愿望	yuànwàng	2889
5	约定	yuēdìng	4371
5	运	yùn	1730
5	运费	yùnfèi	
5	运气	yùnqi	3235
5	运输	yùnshū	3770
5	运用	yùnyòng	3345
5	在场	zàichǎng	3230
5	在乎	zàihu	2833
5	在内	zàinèi	5311
5	在线	zàixiàn	8993
5	在于	zàiyú	1868
5	赞成	zànchéng	5381
5	糟	zāo	5229
5	糟糕	zāogāo	3403
5	早期	zǎoqī	5122
5	早晚	zǎowǎn	8073
5	早已	zǎoyǐ	4715
5	造	zào	2608
5	造成	zàochéng	910
5	增	zēng	4648
5	增进	zēngjìn	13619
5	增强	zēngqiáng	4471
5	赠	zèng	8918
5	赠送	zèngsòng	8534
5	炸	zhá	3064
5	摘	zhāi	5217
5	窄	zhǎi	8622
5	展出	zhǎnchū	10253
5	展开	zhǎnkāi	3065
5	展览	zhǎnlǎn	5620
5	展示	zhǎnshì	1798
5	展现	zhǎnxiàn	3124
5	占	zhàn	1571
5	站台	zhàntái	10722
5	占线	zhànxiàn	38012
5	涨	zhǎng	4020
5	涨价	zhǎngjià	14037
5	掌声	zhǎngshēng	5343
5	掌握	zhǎngwò	1826
5	账号	zhànghào	10644
5	账户	zhànghù	3852
5	着凉	zháoliáng	22241
5	召开	zhàokāi	4146
5	折扣	zhékòu	9396
5	哲学	zhéxué	5028
5	真诚	zhēnchéng	4527
5	针对	zhēnduì	1899
5	珍贵	zhēnguì	5205
5	真实	zhēnshí	1299
5	珍惜	zhēnxī	3787
5	诊断	zhěnduàn	3008
5	阵	zhèn	3920
5	争	zhēng	2989
5	争取	zhēngqǔ	2213
5	整齐	zhěngqí	8739
5	整体	zhěngtǐ	4225
5	整整	zhěngzhěng	4509
5	挣	zhèng	4542
5	政府	zhèngfǔ	527
5	证据	zhèngjù	1826
5	正如	zhèngrú	12338
5	证书	zhèngshū	6390
5	政治	zhèngzhì	1320
5	支	zhī	915
5	知名	zhīmíng	4410
5	直	zhí	1420
5	直播	zhíbō	3374
5	职场	zhíchǎng	
5	职工	zhígōng	8810
5	执行	zhíxíng	1328
5	止	zhǐ	3025
5	指导	zhǐdǎo	2171
5	至	zhì	941
5	治	zhì	2101
5	制订	zhìdìng	12587
5	制定	zhìdìng	3364
5	制度	zhìdù	3310
5	智慧	zhìhuì	3247
5	至今	zhìjīn	3155
5	治疗	zhìliáo	691
5	智能	zhìnéng	6940
5	志愿者	zhìyuànzhě	5709
5	制造	zhìzào	1600
5	制作	zhìzuò	1835
5	中华	Zhōnghuá	21349
5	中华民族	ZhōnghuáMínzú	6125
5	中级	zhōngjí	20452
5	中介	zhōngjiè	8051
5	中期	zhōngqī	9674
5	中外	zhōngwài	19472
5	中心	zhōngxīn	661
5	中药	zhōngyào	22936
5	中医	zhōngyī	18327
5	种类	zhǒnglèi	7596
5	种子	zhǒngzi	5365
5	重大	zhòngdà	1734
5	众多	zhòngduō	4607
5	重量	zhòngliàng	5720
5	种植	zhòngzhí	7377
5	周年	zhōunián	3466
5	猪	zhū	1583
5	逐步	zhúbù	8734
5	逐渐	zhújiàn	3347
5	竹子	zhúzi	15281
5	煮	zhǔ	2829
5	主持	zhǔchí	3176
5	主动	zhǔdòng	2470
5	主观	zhǔguān	9403
5	主人	zhǔrén	2399
5	主任	zhǔrèn	2133
5	主食	zhǔshí	29792
5	主题	zhǔtí	2127
5	主席	zhǔxí	2330
5	注册	zhùcè	3097
5	住房	zhùfáng	7400
5	住宿	zhùsù	10703
5	住址	zhùzhǐ	14235
5	注重	zhùzhòng	6231
5	抓	zhuā	797
5	抓紧	zhuājǐn	3896
5	专家	zhuānjiā	1096
5	专心	zhuānxīn	8032
5	转变	zhuǎnbiàn	3151
5	转告	zhuǎngào	12234
5	装饰	zhuāngshì	3810
5	装修	zhuāngxiū	4138
5	撞	zhuàng	2075
5	状况	zhuàngkuàng	1372
5	状态	zhuàngtài	1158
5	追	zhuī	1265
5	追求	zhuīqiú	2302
5	资格	zīgé	2290
5	资金	zījīn	1851
5	姿势	zīshì	4464
5	咨询	zīxún	2768
5	资源	zīyuán	2319
5	紫	zǐ	6061
5	子女	zǐnǚ	7337
5	自从	zìcóng	2256
5	自动	zìdòng	2365
5	自觉	zìjué	7977
5	字母	zìmǔ	6456
5	自身	zìshēn	3490
5	自由	zìyóu	1067
5	综合	zōnghé	4226
5	总部	zǒngbù	3767
5	总共	zǒnggòng	6369
5	总数	zǒngshù	9556
5	总体	zǒngtǐ	6976
5	总统	zǒngtǒng	988
5	总之	zǒngzhī	3282
5	租金	zūjīn	6930
5	族	zú	2852
5	足够	zúgòu	1692
5	组成	zǔchéng	2717
5	组合	zǔhé	2208
5	阻止	zǔzhǐ	2318
5	组织	zǔzhī	590
5	嘴巴	zuǐba	4576
5	醉	zuì	2402
5	最初	zuìchū	4118
5	最佳	zuìjiā	1835
5	尊敬	zūnjìng	4630
5	遵守	zūnshǒu	3894
5	作出	zuòchū	3060
6	岸	àn	6867
6	案例	ànlì	6195
6	按摩	ànmó	3990
6	暗示	ànshì	4917
6	昂贵	ángguì	7743
6	白白	báibái	10131
6	白领	báilǐng	11481
6	摆	bǎi	1854
6	摆放	bǎifàng	10963
6	百分点	bǎifēndiǎn	10677
6	百货	bǎihuò	11134
6	摆脱	bǎituō	3424
6	败	bài	4262
6	拜访	bàifǎng	6619
6	拜年	bàinián	28932
6	版	bǎn	1545
6	版本	bǎnběn	4464
6	伴随	bànsuí	6047
6	扮演	bànyǎn	3471
6	榜样	bǎngyàng	6902
6	棒球	bàngqiú	9599
6	保管	bǎoguǎn	7305
6	保健	bǎojiàn	8782
6	保暖	bǎonuǎn	9897
6	保修	bǎoxiū	22465
6	保障	bǎozhàng	3491
6	爆	bào	1953
6	爆发	bàofā	3458
6	报刊	bàokān	15103
6	暴力	bàolì	2995
6	暴露	bàolù	3702
6	报社	bàoshè	8300
6	爆炸	bàozhà	1772
6	悲观	bēiguān	10593
6	悲剧	bēijù	3680
6	悲伤	bēishāng	3739
6	北极	běijí	13047
6	北美洲	Běiměizhōu	
6	被动	bèidòng	9120
6	被迫	bèipò	4859
6	背心	bèixīn	10100
6	备用	bèiyòng	7153
6	倍增	bèizēng	
6	奔跑	bēnpǎo	9573
6	本能	běnnéng	7537
6	本身	běnshēn	2405
6	本土	běntǔ	7660
6	逼	bī	1122
6	比方	bǐfang	11193
6	比重	bǐzhòng	20691
6	闭	bì	2503
6	避	bì	6063
6	必修	bìxiū	39363
6	编	biān	1875
6	编辑	biānjí	2447
6	编写	biānxiě	11845
6	遍地	biàndì	18679
6	便捷	biànjié	15719
6	变质	biànzhì	13083
6	兵	bīng	2469
6	病毒	bìngdú	2227
6	播	bō	3610
6	播种	bōzhǒng	15096
6	博览会	bólǎnhuì	13075
6	薄弱	bóruò	10648
6	脖子	bózi	3554
6	不耐烦	búnàifán	13336
6	不顾	búgù	6927
6	不料	búliào	25376
6	不适	búshì	8841
6	不至于	búzhìyú	7982
6	补	bǔ	2850
6	捕	bǔ	8390
6	补偿	bǔcháng	3538
6	补课	bǔkè	22453
6	补贴	bǔtiē	8863
6	补习	bǔxí	22013
6	布	bù	1694
6	不安	bù’ān	4472
6	不曾	bùcéng	8242
6	不成	bùchéng	10054
6	不得	bùdé	
6	部队	bùduì	1909
6	不禁	bùjīn	8021
6	不时	bùshí	8547
6	部位	bùwèi	4761
6	不许	bùxǔ	3916
6	不宜	bùyí	10511
6	不已	bùyǐ	6315
6	布置	bùzhì	4729
6	不止	bùzhǐ	3921
6	步骤	bùzhòu	7820
6	猜测	cāicè	5450
6	财产	cáichǎn	2556
6	财富	cáifù	3442
6	才华	cáihuá	7172
6	才能	cáinéng	3200
6	财务	cáiwù	3745
6	财物	cáiwù	11436
6	材质	cáizhì	
6	踩	cǎi	3087
6	采购	cǎigòu	7654
6	彩虹	cǎihóng	7457
6	采集	cǎijí	7348
6	采纳	cǎinà	12604
6	彩票	cǎipiào	6265
6	参展	cānzhǎn	23321
6	残疾	cánjí	8861
6	仓库	cāngkù	4658
6	草原	cǎoyuán	8743
6	侧	cè	2493
6	策划	cèhuà	3835
6	测量	cèliáng	5741
6	策略	cèlüè	3096
6	层次	céngcì	6146
6	层面	céngmiàn	6992
6	叉	chā	7708
6	差异	chāyì	6939
6	插座	chāzuò	
6	查询	cháxún	7195
6	拆除	chāichú	8143
6	产出	chǎnchū	
6	产地	chǎndì	21983
6	肠	cháng	6063
6	长短	chángduǎn	22940
6	常规	chángguī	4838
6	常年	chángnián	18186
6	长寿	chángshòu	13208
6	常温	chángwēn	33525
6	场次	chǎngcì	
6	场地	chǎngdì	5466
6	场馆	chǎngguǎn	27863
6	场合	chǎnghé	4974
6	厂家	chǎngjiā	12737
6	场景	chǎngjǐng	4233
6	场面	chǎngmiàn	4318
6	厂商	chǎngshāng	12339
6	畅通	chàngtōng	13949
6	畅销	chàngxiāo	11087
6	抄	chāo	6726
6	超越	chāoyuè	4202
6	朝代	cháodài	33998
6	潮流	cháoliú	6515
6	潮湿	cháoshī	11797
6	嘲笑	cháoxiào	6097
6	炒股	chǎogǔ	26869
6	吵架	chǎojià	4413
6	撤回	chèhuí	
6	撤销	chèxiāo	6251
6	沉重	chénzhòng	5595
6	趁	chèn	4043
6	撑	chēng	3301
6	称号	chēnghào	7705
6	称呼	chēnghu	6082
6	称作	chēngzuò	8940
6	成	chéng	227
6	乘	chéng	2982
6	盛	chéng	7003
6	承办	chéngbàn	8961
6	惩罚	chéngfá	4353
6	成交	chéngjiāo	2831
6	承诺	chéngnuò	1985
6	成千上万	chéngqiān-shàngwàn	9841
6	呈现	chéngxiàn	3891
6	成效	chéngxiào	9971
6	诚信	chéngxìn	13265
6	成语	chéngyǔ	24609
6	城镇	chéngzhèn	4497
6	持久	chíjiǔ	8935
6	持有	chíyǒu	4039
6	尺	chǐ	4305
6	尺寸	chǐcùn	5892
6	冲动	chōngdòng	3849
6	冲击	chōngjī	5782
6	充实	chōngshí	7964
6	冲突	chōngtū	3227
6	崇拜	chóngbài	5376
6	重建	chóngjiàn	4998
6	冲	chòng	1312
6	抽奖	chōujiǎng	11863
6	抽象	chōuxiàng	12568
6	愁	chóu	5798
6	筹备	chóubèi	8302
6	初步	chūbù	4719
6	出场	chūchǎng	4428
6	初等	chūděng	50440
6	出境	chūjìng	10519
6	出力	chūlì	
6	出名	chūmíng	6706
6	出入	chūrù	8296
6	出示	chūshì	7905
6	出游	chūyóu	14143
6	出于	chūyú	3703
6	除	chú	2398
6	除非	chúfēi	3271
6	储存	chǔcún	8658
6	处罚	chǔfá	5634
6	储蓄	chǔxù	8678
6	处处	chùchù	7980
6	穿过	chuānguò	4489
6	传承	chuánchéng	15271
6	传达	chuándá	6241
6	传染	chuánrǎn	7193
6	传染病	chuánrǎnbìng	10002
6	传授	chuánshòu	11883
6	传输	chuánshū	6466
6	传真	chuánzhēn	6784
6	船只	chuánzhī	10437
6	串	chuàn	5008
6	窗口	chuāngkǒu	5160
6	闯	chuǎng	4698
6	创办	chuàngbàn	10196
6	创建	chuàngjiàn	6904
6	创立	chuànglì	10611
6	创意	chuàngyì	3214
6	垂直	chuízhí	10512
6	纯	chún	3292
6	瓷器	cíqì	12404
6	此刻	cǐkè	4300
6	刺	cì	2566
6	次数	cìshù	6882
6	匆匆	cōngcōng	9342
6	匆忙	cōngmáng	10025
6	从未	cóngwèi	2823
6	从业	cóngyè	19141
6	醋	cù	8000
6	脆	cuì	8807
6	脆弱	cuìruò	4501
6	村庄	cūnzhuāng	6526
6	存储	cúnchǔ	
6	寸	cùn	4381
6	挫折	cuòzhé	8651
6	搭	dā	2220
6	搭配	dāpèi	4952
6	答复	dáfù	6463
6	打交道	dǎjiāodao	8359
6	打动	dǎdòng	6556
6	打击	dǎjī	2059
6	打架	dǎjià	5413
6	打卡	dǎkǎ	
6	打雷	dǎléi	28360
6	打造	dǎzào	5421
6	打仗	dǎzhàng	8288
6	大臣	dàchén	8426
6	大吃一惊	dàchī-yìjīng	9934
6	大地	dàdì	6183
6	大都	dàdū	11743
6	大方	dàfang	7757
6	大幅	dàfú	
6	大伙儿	dàhuǒr	14629
6	大使	dàshǐ	5374
6	大师	dàshī	3232
6	大洋洲	Dàyángzhōu	
6	大致	dàzhì	8369
6	呆	dāi	1485
6	待	dài	1207
6	代价	dàijià	3030
6	贷款	dàikuǎn	2589
6	代理	dàilǐ	3966
6	带领	dàilǐng	4056
6	单纯	dānchún	4715
6	单调	dāndiào	12994
6	耽误	dānwu	7445
6	担忧	dānyōu	5967
6	蛋白质	dànbáizhì	7228
6	诞生	dànshēng	4971
6	当场	dāngchǎng	5385
6	当初	dāngchū	2878
6	当代	dāngdài	8383
6	当今	dāngjīn	7843
6	当面	dāngmiàn	9152
6	当下	dāngxià	9363
6	当选	dāngxuǎn	6688
6	档案	dàng’àn	2512
6	当天	dàngtiān	3628
6	岛	dǎo	1816
6	倒闭	dǎobì	11967
6	倒车	dǎochē	16831
6	导师	dǎoshī	7057
6	道德	dàodé	2445
6	倒是	dàoshì	4297
6	得了	déle	3720
6	得以	déyǐ	5437
6	得知	dézhī	3242
6	灯笼	dēnglong	17051
6	等级	děngjí	5289
6	滴	dī	2035
6	低碳	dītàn	1000000
6	抵达	dǐdá	4566
6	抵抗	dǐkàng	4384
6	地道	dìdao	5958
6	地方	dìfāng	254
6	地形	dìxíng	11043
6	地域	dìyù	10905
6	地质	dìzhì	11668
6	点击	diǎnjī	
6	典礼	diǎnlǐ	5455
6	点燃	diǎnrán	6958
6	典型	diǎnxíng	3251
6	电饭锅	diànfànguō	88712
6	电力	diànlì	3716
6	店铺	diànpù	
6	电源	diànyuán	6030
6	吊	diào	4734
6	调动	diàodòng	7622
6	钓鱼	diàoyú	8342
6	跌	diē	4284
6	顶	dǐng	1623
6	订单	dìngdān	7820
6	订婚	dìnghūn	10745
6	定价	dìngjià	13764
6	定时	dìngshí	14319
6	定位	dìngwèi	3300
6	定义	dìngyì	4821
6	定制	dìngzhì	
6	栋	dòng	3370
6	动机	dòngjī	4386
6	动力	dònglì	2740
6	动漫	dòngmàn	
6	动态	dòngtài	6636
6	动听	dòngtīng	13115
6	逗	dòu	4825
6	斗争	dòuzhēng	2672
6	都市	dūshì	5804
6	毒	dú	1958
6	渡	dù	6175
6	端	duān	2412
6	短缺	duǎnquē	11712
6	对称	duìchèn	13912
6	对接	duìjiē	
6	对抗	duìkàng	4063
6	对立	duìlì	12725
6	对应	duìyìng	9540
6	蹲	dūn	3836
6	顿时	dùnshí	13943
6	多才多艺	duōcái-duōyì	
6	多亏	duōkuī	12071
6	多媒体	duōméitǐ	15310
6	多余	duōyú	5739
6	多元	duōyuán	49030
6	夺	duó	3462
6	夺取	duóqǔ	8232
6	躲避	duǒbì	7419
6	恶心	ěxin	2463
6	恶劣	èliè	6454
6	儿科	érkē	13080
6	耳环	ěrhuán	11999
6	二氧化碳	èryǎnghuàtàn	13139
6	发病	fābìng	9341
6	发愁	fāchóu	16670
6	发电	fādiàn	10184
6	发动	fādòng	3090
6	发放	fāfàng	7155
6	发光	fāguāng	8539
6	发票	fāpiào	9848
6	发行	fāxíng	3589
6	发炎	fāyán	17067
6	发育	fāyù	6591
6	法定	fǎdìng	
6	法官	fǎguān	2726
6	法规	fǎguī	6275
6	番	fān	5706
6	繁忙	fánmáng	10742
6	凡是	fánshì	8759
6	繁殖	fánzhí	9104
6	反馈	fǎnkuì	8624
6	反思	fǎnsī	12288
6	犯	fàn	1635
6	方方面面	fāngfāngmiànmiàn	18245
6	方位	fāngwèi	9608
6	方言	fāngyán	12942
6	妨碍	fáng’ài	6742
6	房价	fángjià	15046
6	防治	fángzhì	16888
6	访谈	fǎngtán	9041
6	放大	fàngdà	5489
6	放飞	fàngfēi	
6	飞速	fēisù	14513
6	肥	féi	2580
6	肥胖	féipàng	8910
6	肥沃	féiwò	28240
6	肺	fèi	3353
6	肺炎	fèiyán	
6	分工	fēngōng	12623
6	分级	fēnjí	
6	分期	fēnqī	
6	分散	fēnsàn	4846
6	氛围	fēnwéi	8094
6	粉	fěn	2506
6	愤怒	fènnù	3127
6	封闭	fēngbì	5618
6	风光	fēngguāng	7917
6	风力	fēnglì	16936
6	丰收	fēngshōu	12806
6	风雨	fēngyǔ	12392
6	奉献	fèngxiàn	5701
6	夫人	fūrén	2235
6	服	fú	1682
6	浮	fú	4649
6	服从	fúcóng	6168
6	幅度	fúdù	10579
6	符号	fúhào	6994
6	福利	fúlì	4685
6	服用	fúyòng	5197
6	辅导	fǔdǎo	7641
6	辅助	fǔzhù	7348
6	副	fù	1325
6	覆盖	fùgài	5499
6	附件	fùjiàn	14333
6	负面	fùmiàn	7335
6	富裕	fùyù	8806
6	赋予	fùyǔ	5614
6	该	gāi	116
6	改编	gǎibiān	7933
6	改造	gǎizào	3348
6	概率	gàilǜ	8852
6	肝	gān	4573
6	干脆	gāncuì	4467
6	尴尬	gāngà	3013
6	干旱	gānhàn	13635
6	干扰	gānrǎo	4467
6	干燥	gānzào	8013
6	感激	gǎnjī	3692
6	赶忙	gǎnmáng	28753
6	感染	gǎnrǎn	2006
6	感想	gǎnxiǎng	11649
6	钢笔	gāngbǐ	17703
6	港口	gǎngkǒu	5477
6	岗位	gǎngwèi	4669
6	高层	gāocéng	4795
6	高超	gāochāo	14033
6	高等	gāoděng	9360
6	高端	gāoduān	
6	高峰	gāofēng	7388
6	高尚	gāoshàng	7329
6	高手	gāoshǒu	3886
6	高新技术	gāoxīn-jìshù	36865
6	高原	gāoyuán	12340
6	稿件	gǎojiàn	22943
6	稿子	gǎozi	15322
6	割	gē	4717
6	歌唱	gēchàng	7200
6	隔壁	gébì	5305
6	革命	gémìng	2986
6	个体	gètǐ	7735
6	给予	jǐyǔ	2680
6	跟前	gēnqián	13531
6	跟随	gēnsuí	6503
6	跟踪	gēnzōng	3163
6	公	gōng	2520
6	宫	gōng	3150
6	公安	gōng’ān	13957
6	工地	gōngdì	6373
6	工夫	gōngfu	10723
6	公告	gōnggào	6445
6	供给	gōngjǐ	6645
6	攻击	gōngjī	1579
6	公开	gōngkāi	1840
6	公民	gōngmín	2877
6	公认	gōngrèn	10650
6	功效	gōngxiào	12192
6	工序	gōngxù	30562
6	公益	gōngyì	9463
6	供应	gōngyìng	3514
6	公元	gōngyuán	12319
6	公正	gōngzhèng	3881
6	公众	gōngzhòng	2628
6	公主	gōngzhǔ	2764
6	巩固	gǒnggù	9856
6	共计	gòngjì	19358
6	沟	gōu	6312
6	构造	gòuzào	9731
6	孤独	gūdú	2987
6	姑姑	gūgu	10577
6	古典	gǔdiǎn	7746
6	古迹	gǔjì	21766
6	股票	gǔpiào	2731
6	古人	gǔrén	10424
6	股市	gǔshì	7954
6	骨头	gǔtou	5565
6	鼓舞	gǔwǔ	6725
6	顾	gù	5341
6	固体	gùtǐ	14926
6	顾问	gùwèn	3747
6	故障	gùzhàng	4690
6	拐	guǎi	7146
6	拐弯	guǎiwān	21000
6	官	guān	1825
6	关爱	guān’ài	8741
6	官方	guānfāng	3703
6	观光	guānguāng	9386
6	关怀	guānhuái	8489
6	关联	guānlián	4086
6	观赏	guānshǎng	9677
6	官员	guānyuán	2991
6	管道	guǎndào	5040
6	罐	guàn	4885
6	广阔	guǎngkuò	9885
6	归	guī	2278
6	规范	guīfàn	6609
6	规划	guīhuà	3915
6	归还	guīhuán	9427
6	规矩	guīju	5345
6	轨道	guǐdào	4493
6	跪	guì	5311
6	贵重	guìzhòng	13098
6	棍	gùn	6727
6	国宝	guóbǎo	22205
6	国产	guóchǎn	17875
6	国歌	guógē	16796
6	国旗	guóqí	9776
6	国情	guóqíng	23878
6	国王	guówáng	3586
6	过渡	guòdù	8462
6	过后	guòhòu	6454
6	过时	guòshí	9945
6	海内外	hǎinèiwài	48536
6	海岸	hǎi’àn	5943
6	海拔	hǎibá	13525
6	海面	hǎimiàn	13307
6	海域	hǎiyù	12160
6	害	hài	2616
6	寒冬	hándōng	
6	含义	hányì	6120
6	罕见	hǎnjiàn	6505
6	旱灾	hànzāi	32835
6	航空	hángkōng	3185
6	毫不	háobù	5303
6	毫无	háowú	2244
6	毫米	háomǐ	23449
6	毫升	háoshēng	27507
6	好不	hǎobù	
6	好感	hǎogǎn	8391
6	好容易	hǎoróngyì	30322
6	好客	hàokè	28557
6	好学	hàoxué	49415
6	号召	hàozhào	11618
6	合并	hébìng	4049
6	合成	héchéng	6398
6	和平	hépíng	1750
6	和谐	héxié	3883
6	核心	héxīn	3481
6	嘿	hēi	2729
6	黑暗	hēi’àn	3217
6	痕迹	hénjì	4154
6	狠	hěn	3832
6	恨	hèn	1715
6	横	héng	5014
6	衡量	héngliáng	7561
6	宏大	hóngdà	19357
6	洪水	hóngshuǐ	7906
6	后代	hòudài	8721
6	后期	hòuqī	9597
6	后人	hòurén	14853
6	后退	hòutuì	7469
6	后者	hòuzhě	6906
6	忽略	hūlüè	4602
6	壶	hú	7796
6	胡子	húzi	6424
6	户	hù	2265
6	互助	hùzhù	12798
6	花朵	huāduǒ	
6	花生	huāshēng	6750
6	滑冰	huábīng	11501
6	滑行	huáxíng	
6	滑雪	huáxuě	7323
6	划	huà	2993
6	划分	huàfēn	10875
6	化石	huàshí	14429
6	话筒	huàtǒng	12761
6	化妆	huàzhuāng	4444
6	怀	huái	
6	怀念	huáiniàn	3668
6	怀孕	huáiyùn	3299
6	欢乐	huānlè	3660
6	环	huán	2712
6	还原	huányuán	10488
6	患	huàn	2581
6	幻想	huànxiǎng	3672
6	患者	huànzhě	2539
6	黄	huáng	1809
6	皇帝	huángdì	5233
6	灰尘	huīchén	10301
6	灰心	huīxīn	20767
6	回报	huíbào	3116
6	回顾	huígù	4664
6	回头	huítóu	2717
6	汇	huì	5752
6	汇报	huìbào	4195
6	绘画	huìhuà	9589
6	会见	huìjiàn	3958
6	汇款	huìkuǎn	17166
6	婚姻	hūnyīn	2058
6	混	hùn	1849
6	混合	hùnhé	3950
6	混乱	hùnluàn	3209
6	活力	huólì	3168
6	活跃	huóyuè	4961
6	火柴	huǒchái	11966
6	火灾	huǒzāi	4272
6	货币	huòbì	6290
6	货车	huòchē	4418
6	击败	jībài	
6	基地	jīdì	1799
6	机动车	jīdòngchē	18763
6	饥饿	jī’è	9185
6	激发	jīfā	6298
6	基金	jījīn	1874
6	激励	jīlì	4775
6	激情	jīqíng	2822
6	机械	jīxiè	3710
6	基因	jīyīn	2983
6	机遇	jīyù	6091
6	机制	jīzhì	6578
6	即便	jíbiàn	3313
6	极端	jíduān	5189
6	急救	jíjiù	6489
6	急切	jíqiè	13165
6	集团	jítuán	2134
6	极为	jíwéi	6810
6	吉祥	jíxiáng	16584
6	继承	jìchéng	4528
6	季军	jìjūn	27804
6	纪律	jìlǜ	6250
6	寂寞	jìmò	3580
6	技巧	jìqiǎo	3853
6	技艺	jìyì	13822
6	夹	jiā	3693
6	加倍	jiābèi	
6	家常	jiācháng	23508
6	家家户户	jiājiāhùhù	34377
6	加剧	jiājù	14236
6	家居	jiājū	
6	家属	jiāshǔ	5115
6	加以	jiāyǐ	7365
6	家园	jiāyuán	6114
6	加重	jiāzhòng	9105
6	假设	jiǎshè	4725
6	嫁	jià	2300
6	尖	jiān	4920
6	肩膀	jiānbǎng	4518
6	监测	jiāncè	7699
6	坚定	jiāndìng	4780
6	监督	jiāndū	3386
6	坚固	jiāngù	11999
6	坚决	jiānjué	5120
6	艰难	jiānnán	3288
6	艰辛	jiānxīn	9883
6	坚硬	jiānyìng	13790
6	兼职	jiānzhí	8368
6	检测	jiǎncè	2191
6	简化	jiǎnhuà	13261
6	简介	jiǎnjiè	14655
6	减弱	jiǎnruò	9578
6	减压	jiǎnyā	14321
6	检验	jiǎnyàn	3580
6	剑	jiàn	1749
6	箭	jiàn	4920
6	鉴定	jiàndìng	4200
6	间隔	jiàngé	11622
6	间接	jiànjiē	8271
6	健全	jiànquán	7565
6	建筑物	jiànzhùwù	7652
6	将军	jiāngjūn	2465
6	讲解	jiǎngjiě	11822
6	奖牌	jiǎngpái	13348
6	奖品	jiǎngpǐn	4654
6	酱	jiàng	4625
6	酱油	jiàngyóu	11281
6	胶带	jiāodài	16042
6	焦点	jiāodiǎn	4682
6	交际	jiāojì	11527
6	焦虑	jiāolǜ	6011
6	胶水	jiāoshuǐ	19095
6	交谈	jiāotán	5246
6	郊外	jiāowài	15596
6	角落	jiǎoluò	4451
6	脚印	jiǎoyìn	13231
6	较为	jiàowéi	
6	教训	jiàoxùn	3265
6	结	jiē	2051
6	结果	jiēguǒ	364
6	接连	jiēlián	13237
6	结实	jiēshi	10419
6	街头	jiētóu	4114
6	杰出	jiéchū	6721
6	节能	jiénéng	15697
6	结尾	jiéwěi	8314
6	截至	jiézhì	13952
6	截止	jiézhǐ	9317
6	节奏	jiézòu	4446
6	解	jiě	1971
6	解答	jiědá	10261
6	解读	jiědú	9527
6	解放	jiěfàng	3669
6	解说	jiěshuō	12917
6	借鉴	jièjiàn	14780
6	戒指	jièzhi	4707
6	借助	jièzhù	8213
6	金额	jīn’é	6344
6	金牌	jīnpái	5592
6	金钱	jīnqián	4100
6	金融	jīnróng	4125
6	金属	jīnshǔ	2909
6	金子	jīnzi	10780
6	尽	jìn	1228
7-9	尽	jìn	1228
6	进而	jìn’ér	13257
6	进度	jìndù	7249
6	进化	jìnhuà	7898
6	近来	jìnlái	6310
6	近视	jìnshì	19748
6	进展	jìnzhǎn	2151
6	精美	jīngměi	8649
6	精确	jīngquè	6603
6	惊人	jīngrén	4117
6	经商	jīngshāng	17606
6	精通	jīngtōng	10968
6	精心	jīngxīn	5186
6	惊讶	jīngyà	3229
6	精致	jīngzhì	7254
6	精准	jīngzhǔn	
6	井	jǐng	3630
6	警告	jǐnggào	2971
6	景观	jǐngguān	10081
6	景象	jǐngxiàng	7447
6	颈椎	jǐngzhuī	18820
6	净	jìng	4961
6	竞赛	jìngsài	4857
6	镜头	jìngtóu	2581
6	纠纷	jiūfēn	6898
6	纠正	jiūzhèng	5645
6	酒精	jiǔjīng	5549
6	酒水	jiǔshuǐ	17047
6	就读	jiùdú	12245
6	舅舅	jiùjiu	9397
6	救命	jiùmìng	4007
6	就算	jiùsuàn	2985
6	救援	jiùyuán	4243
6	救灾	jiùzāi	25577
6	救助	jiùzhù	5739
6	局	jú	736
6	菊花	júhuā	11719
6	局面	júmiàn	3509
6	局限	júxiàn	11218
6	举动	jǔdòng	5314
6	剧本	jùběn	4455
6	聚集	jùjí	4749
6	俱乐部	jùlèbù	1603
6	剧烈	jùliè	9792
6	捐款	juānkuǎn	6397
6	捐赠	juānzèng	5227
6	卷	juǎn	2089
6	决策	juécè	6070
6	绝望	juéwàng	4430
6	军队	jūnduì	1868
6	军人	jūnrén	4817
6	均匀	jūnyún	11945
6	卡片	kǎpiàn	7305
6	开创	kāichuàng	9699
6	开关	kāiguān	7738
6	开启	kāiqǐ	5680
6	开设	kāishè	10675
6	开头	kāitóu	7063
6	砍	kǎn	3423
6	看不起	kànbuqǐ	15152
6	看待	kàndài	5407
6	看得起	kàndeqǐ	42625
6	看好	kànhǎo	5015
6	看似	kànsì	10726
6	看中	kànzhòng	10986
6	看重	kànzhòng	8694
6	康复	kāngfù	4482
6	考察	kǎochá	6038
6	考古	kǎogǔ	11452
6	考核	kǎohé	12382
6	考验	kǎoyàn	3850
6	科	kē	1543
6	科幻	kēhuàn	12729
6	科目	kēmù	14010
6	科普	kēpǔ	18500
6	可口	kěkǒu	13271
6	可怜	kělián	1942
6	渴望	kěwàng	3423
6	可行	kěxíng	7847
6	客车	kèchē	16300
6	课题	kètí	9165
6	肯	kěn	3114
6	恐惧	kǒngjù	3419
6	空地	kòngdì	11378
6	空闲	kòngxián	15533
6	口感	kǒugǎn	15978
6	口号	kǒuhào	8137
6	口腔	kǒuqiāng	10813
6	口头	kǒutóu	12208
6	扣	kòu	2421
6	枯燥	kūzào	12915
6	酷	kù	2111
6	夸	kuā	8011
6	夸奖	kuājiǎng	11773
6	夸张	kuāzhāng	5029
6	会计	kuàijì	4284
6	快捷	kuàijié	11376
6	款	kuǎn	
6	款式	kuǎnshì	8984
6	亏损	kuīsǔn	14787
6	困扰	kùnrǎo	4725
6	扩展	kuòzhǎn	9082
6	落	là	1435
6	辣椒	làjiāo	6501
6	啦	la	246
6	来临	láilín	4633
6	来往	láiwǎng	8734
6	赖	lài	5777
6	拦	lán	5693
6	栏	lán	7178
6	兰花	lánhuā	
6	烂	làn	2387
6	狼	láng	2421
6	朗读	lǎngdú	18517
6	牢	láo	6012
6	劳动力	láodònglì	12496
6	老实	lǎoshi	5167
6	老鼠	lǎoshǔ	4016
6	老太太	lǎotàitai	7407
6	乐于	lèyú	
6	雷	léi	1494
6	类别	lèibié	16163
6	理	lǐ	1714
6	理财	lǐcái	9621
6	理科	lǐkē	16024
6	理念	lǐniàn	4867
6	理性	lǐxìng	5194
6	立	lì	2622
6	粒	lì	4781
6	立场	lìchǎng	4265
6	力度	lìdù	7129
6	历经	lìjīng	12690
6	历年	lìnián	
6	例外	lìwài	5594
6	利息	lìxī	6487
6	联合国	Liánhéguó	4037
6	联网	liánwǎng	16288
6	联想	liánxiǎng	6895
6	链接	liànjiē	
6	两岸	liǎng’àn	22338
6	两极	liǎngjí	
6	晾	liàng	14630
6	料	liào	2626
6	淋	lín	7448
6	凌晨	língchén	2595
6	流程	liúchéng	8987
6	流动	liúdòng	5689
6	浏览器	liúlǎnqì	28853
6	流量	liúliàng	12321
6	流入	liúrù	13234
6	流通	liútōng	8541
6	楼道	lóudào	22887
6	露	lòu	2700
6	漏洞	lòudòng	7160
6	路程	lùchéng	9950
6	路况	lùkuàng	18760
6	路面	lùmiàn	11207
6	录像	lùxiàng	3924
6	录用	lùyòng	
6	录制	lùzhì	9024
6	旅程	lǚchéng	7656
6	旅途	lǚtú	7530
6	履行	lǚxíng	4856
6	率	lǜ	2786
6	绿化	lǜhuà	22891
6	轮	lún	1066
6	轮船	lúnchuán	17543
6	轮流	lúnliú	10320
6	轮椅	lúnyǐ	10262
6	轮子	lúnzi	15530
6	论坛	lùntán	7125
6	落地	luòdì	8886
6	落后	luòhòu	3824
6	马虎	mǎhu	20190
6	码头	mǎtóu	4184
6	蚂蚁	mǎyǐ	
6	嘛	ma	614
6	埋	mái	2776
6	迈	mài	5964
6	麦克风	màikèfēng	12308
6	漫长	màncháng	5704
6	漫画	mànhuà	4509
6	盲人	mángrén	11792
6	冒	mào	2381
6	冒险	màoxiǎn	3841
6	贸易	màoyì	4129
6	煤	méi	8197
6	梅花	méihuā	19695
6	眉毛	méimao	9070
6	美观	měiguān	19793
6	弥补	míbǔ	4555
6	迷人	mírén	4430
6	密	mì	3591
6	密度	mìdù	8534
6	蜜蜂	mìfēng	8143
6	密集	mìjí	11504
6	棉	mián	5317
6	免	miǎn	3929
6	勉强	miǎnqiǎng	6178
6	免税	miǎnshuì	
6	免疫	miǎnyì	4704
6	面部	miànbù	6606
6	面粉	miànfěn	11363
6	面子	miànzi	5831
6	描绘	miáohuì	9367
6	描写	miáoxiě	9246
6	妙	miào	4292
6	灭	miè	4065
6	民歌	míngē	18474
6	民间	mínjiān	7015
6	民俗	mínsú	24358
6	民宿	mínsù	
6	民众	mínzhòng	4219
6	民主	mínzhǔ	3363
6	名额	míng’é	10248
6	明亮	míngliàng	9553
6	明明	míngmíng	3970
6	名气	míngqi	11088
6	名胜	míngshèng	29771
6	命令	mìnglìng	2305
6	命名	mìngmíng	5608
6	模仿	mófǎng	4669
6	模拟	mónǐ	5259
6	模特儿	mótèr	29610
6	摩托车	mótuōchē	4123
6	模型	móxíng	3453
6	默默	mòmò	7639
6	模样	múyàng	5384
6	母	mǔ	2351
6	母语	mǔyǔ	22744
6	木材	mùcái	10374
6	目录	mùlù	7441
6	奶粉	nǎifěn	15404
6	难点	nándiǎn	21905
6	南极洲	Nánjízhōu	
6	南美洲	Nánměizhōu	
6	难免	nánmiǎn	8428
6	脑袋	nǎodai	2736
6	脑子	nǎozi	3025
6	内涵	nèihán	8756
6	内科	nèikē	13792
6	内外	nèiwài	14977
6	内衣	nèiyī	4676
6	能量	néngliàng	2787
6	能源	néngyuán	3465
6	泥	ní	4211
6	年度	niándù	3572
6	年终	niánzhōng	17158
6	念书	niànshū	15989
6	扭	niǔ	4948
6	农产品	nóngchǎnpǐn	17202
6	浓厚	nónghòu	17664
6	农田	nóngtián	
6	暖	nuǎn	3896
6	暖气	nuǎnqì	10582
6	偶像	ǒuxiàng	3202
6	排除	páichú	3583
6	排放	páifàng	11477
6	排练	páiliàn	7156
6	排名	páimíng	4870
6	盘	pán	1363
7-9	盘	pán	1363
6	盼望	pànwàng	10303
6	庞大	pángdà	6804
6	抛	pāo	3539
6	泡	pào	2258
6	赔偿	péicháng	3939
6	陪同	péitóng	8559
6	培育	péiyù	10156
6	配备	pèibèi	8427
6	佩服	pèifú	6729
6	配套	pèitào	10472
6	喷	pēn	3321
6	捧	pěng	6144
6	碰撞	pèngzhuàng	9019
6	披	pī	5845
6	皮	pí	1409
6	疲劳	píláo	7419
6	片刻	piànkè	6789
6	片面	piànmiàn	16993
6	骗子	piànzi	4446
6	飘	piāo	4833
6	漂	piāo	9779
6	频道	píndào	2941
6	频繁	pínfán	6642
6	贫困	pínkùn	6107
6	频率	pínlǜ	4871
6	品尝	pǐncháng	8156
6	平等	píngděng	4880
6	平凡	píngfán	6747
6	平方	píngfāng	13429
6	平方米	píngfāngmǐ	16119
6	评估	pínggū	3129
6	评论	pínglùn	2351
6	评选	píngxuǎn	10602
6	坡	pō	8092
6	泼	pō	8438
6	破产	pòchǎn	4674
6	迫切	pòqiè	8352
6	扑	pū	4563
6	铺	pū	4209
6	扑灭	pūmiè	
6	朴素	pǔsù	16787
6	欺骗	qīpiàn	4109
6	期望	qīwàng	3510
6	期限	qīxiàn	5679
6	其间	qíjiān	14903
6	齐全	qíquán	10206
6	棋子	qízǐ	16454
6	起初	qǐchū	8773
6	起点	qǐdiǎn	6901
6	启动	qǐdòng	2012
6	启发	qǐfā	7784
6	启示	qǐshì	9723
6	启事	qǐshì	20158
6	起源	qǐyuán	11950
6	气氛	qìfēn	3160
6	气体	qìtǐ	6140
6	气味	qìwèi	6948
6	气质	qìzhì	5505
6	恰当	qiàdàng	7676
6	恰好	qiàhǎo	7876
6	恰恰	qiàqià	6523
6	牵	qiān	3847
6	千家万户	qiānjiā-wànhù	33124
6	谦虚	qiānxū	9707
6	前景	qiánjǐng	6776
6	潜力	qiánlì	3759
6	前期	qiánqī	10481
6	前提	qiántí	4669
6	前者	qiánzhě	11601
6	枪	qiāng	1429
6	墙壁	qiángbì	7736
6	强化	qiánghuà	8212
6	强壮	qiángzhuàng	8294
6	强迫	qiǎngpò	4640
6	瞧	qiáo	3046
6	桥梁	qiáoliáng	9640
6	巧妙	qiǎomiào	8987
6	切实	qièshí	10384
6	亲密	qīnmì	4458
6	亲属	qīnshǔ	10181
6	勤劳	qínláo	15777
6	清	qīng	1019
6	清晨	qīngchén	7008
6	青春	qīngchūn	4241
6	青春期	qīngchūnqī	11308
6	清淡	qīngdàn	17042
6	清洁	qīngjié	4675
6	清理	qīnglǐ	2808
6	清扫	qīngsǎo	
6	倾听	qīngtīng	7063
6	清洗	qīngxǐ	6124
6	清晰	qīngxī	4178
6	倾向	qīngxiàng	3997
6	清醒	qīngxǐng	3278
6	情节	qíngjié	4390
6	晴朗	qínglǎng	15483
6	情形	qíngxing	4038
6	求	qiú	497
6	求婚	qiúhūn	8095
6	求救	qiújiù	10263
6	求职	qiúzhí	16584
6	求助	qiúzhù	7221
6	区分	qūfēn	8298
6	渠道	qúdào	5503
6	曲	qǔ	2509
6	娶	qǔ	3752
6	取代	qǔdài	5252
6	趣味	qùwèi	12898
6	圈	quān	1517
6	全程	quánchéng	8061
6	权力	quánlì	2229
6	券	quàn	6835
6	缺陷	quēxiàn	5536
6	确立	quèlì	12943
6	群众	qúnzhòng	3975
6	燃料	ránliào	5829
6	染	rǎn	4175
6	热点	rèdiǎn	10916
6	热度	rèdù	
6	热门	rèmén	6594
6	热水器	rèshuǐqì	18075
6	热线	rèxiàn	4084
6	热议	rèyì	
6	人工智能	réngōngzhìnéng	23584
6	人家	rénjia	1850
6	人均	rénjūn	20794
6	人山人海	rénshān-rénhǎi	
6	人士	rénshì	2129
6	人事	rénshì	7842
6	人为	rénwéi	9224
6	人行道	rénxíngdào	10935
6	忍受	rěnshòu	4498
6	认错	rèncuò	11871
6	认定	rèndìng	4272
6	认可	rènkě	5077
6	认同	rèntóng	5855
6	认知	rènzhī	8061
6	仍旧	réngjiù	7743
6	日后	rìhòu	12451
6	日前	rìqián	22586
6	日夜	rìyè	12281
6	日益	rìyì	8810
6	融合	rónghé	6003
6	融化	rónghuà	8983
6	容量	róngliàng	11832
6	融入	róngrù	4761
6	荣誉	róngyù	3668
6	柔软	róuruǎn	7257
6	入境	rùjìng	11650
6	入门	rùmén	14461
6	入选	rùxuǎn	8521
6	弱点	ruòdiǎn	7156
6	撒	sǎ	2662
6	塞	sāi	2163
6	赛事	sàishì	
6	散	sǎn	2965
6	散文	sǎnwén	16676
6	散发	sànfā	6694
6	嗓子	sǎngzi	8030
6	丧失	sàngshī	5269
6	扫描	sǎomiáo	4864
6	杀	shā	557
6	刹车	shāchē	6961
6	鲨鱼	shāyú	9035
6	筛选	shāixuǎn	9637
6	山顶	shāndǐng	9938
6	山峰	shānfēng	18234
6	山坡	shānpō	13550
6	闪	shǎn	2909
6	闪电	shǎndiàn	6256
6	扇	shàn	3773
6	商标	shāngbiāo	7527
6	伤口	shāngkǒu	3710
6	伤亡	shāngwáng	5509
6	伤员	shāngyuán	11892
6	上当	shàngdàng	9629
6	上级	shàngjí	5572
6	上进	shàngjìn	
6	上市	shàngshì	5443
6	上述	shàngshù	9009
6	上台	shàngtái	6130
6	上旬	shàngxún	40081
6	少儿	shào’ér	18747
6	舌头	shétou	6358
6	社	shè	3615
6	射	shè	1718
6	涉及	shèjí	3062
6	射击	shèjī	5059
6	摄像	shèxiàng	8249
6	设想	shèxiǎng	7375
6	摄像头	shèxiàngtóu	
6	身心	shēnxīn	8004
6	深夜	shēnyè	6579
6	神	shén	786
6	神经	shénjīng	2307
6	神奇	shénqí	3002
6	审美	shěnměi	19332
6	升	shēng	1863
6	生成	shēngchéng	10729
6	声调	shēngdiào	23243
6	生命力	shēngmìnglì	
6	生态	shēngtài	7354
6	升学	shēngxué	25711
6	剩余	shèngyú	6929
6	诗词	shīcí	
6	湿度	shīdù	15617
6	师父	shīfu	7563
6	诗歌	shīgē	8059
6	狮子	shīzi	4295
6	识	shí	7967
6	拾	shí	7430
6	识别	shíbié	5643
6	时光	shíguāng	2412
6	实话	shíhuà	4003
6	实惠	shíhuì	17421
6	时机	shíjī	3402
6	时尚	shíshàng	1741
6	实时	shíshí	
6	时速	shísù	9398
6	石油	shíyóu	2940
6	食欲	shíyù	12389
6	实质	shízhì	9217
6	十足	shízú	5146
6	使劲	shǐjìn	8033
6	士兵	shìbīng	2348
6	适度	shìdù	14240
6	示范	shìfàn	5614
6	释放	shìfàng	2630
6	事后	shìhòu	8683
6	视觉	shìjué	5724
6	势力	shìlì	5177
6	视力	shìlì	7305
6	试图	shìtú	2537
6	事务	shìwù	4356
6	事项	shìxiàng	9483
6	适宜	shìyí	11095
6	收藏	shōucáng	3669
6	收购	shōugòu	4990
6	收取	shōuqǔ	8208
6	收益	shōuyì	5339
6	手臂	shǒubì	4735
6	手法	shǒufǎ	4694
6	手势	shǒushì	9642
6	首要	shǒuyào	6441
6	寿命	shòumìng	10838
6	受灾	shòuzāi	20703
6	输出	shūchū	10311
6	书画	shūhuà	
6	书籍	shūjí	9005
6	书面	shūmiàn	6862
6	输送	shūsòng	12191
6	书写	shūxiě	11723
6	属	shǔ	3739
6	薯片	shǔpiàn	1000000
6	竖	shù	9191
6	树立	shùlì	6735
6	数目	shùmù	6683
6	数字化	shùzìhuà	
6	衰老	shuāilǎo	9618
6	率领	shuàilǐng	10605
6	率先	shuàixiān	12655
6	水稻	shuǐdào	29081
6	水库	shuǐkù	9803
6	水流	shuǐliú	
6	水面	shuǐmiàn	7177
6	水泥	shuǐní	5785
6	瞬间	shùnjiān	3712
6	思路	sīlù	5855
6	思念	sīniàn	6960
6	死亡	sǐwáng	956
6	松	sōng	2768
6	艘	sōu	2548
6	搜集	sōují	8392
6	塑造	sùzào	7539
6	素质	sùzhì	6892
6	算了	suànle	3829
6	算是	suànshì	2032
6	虽	suī	4393
6	岁数	suìshu	15592
6	岁月	suìyuè	6038
6	损坏	sǔnhuài	7169
6	损伤	sǔnshāng	3746
6	所	suǒ	159
6	踏实	tāshi	14592
6	塔	tǎ	2198
6	台风	táifēng	8942
6	台球	táiqiú	12794
6	太空	tàikōng	3689
6	太阳能	tàiyángnéng	10215
6	谈论	tánlùn	4939
6	谈判	tánpàn	2830
6	弹性	tánxìng	8792
6	探索	tànsuǒ	4061
6	探讨	tàntǎo	7107
6	汤圆	tāngyuán	49606
6	糖果	tángguǒ	6816
6	烫	tàng	4676
6	掏	tāo	5068
6	逃	táo	2056
6	逃跑	táopǎo	4877
6	淘气	táoqì	14473
6	淘汰	táotài	2620
6	套餐	tàocān	12344
6	特	tè	695
6	特长	tècháng	10629
6	特地	tèdì	8288
6	特定	tèdìng	5385
6	特性	tèxìng	8741
6	特意	tèyì	6391
6	题材	tícái	8324
6	提取	tíqǔ	
6	提示	tíshì	3243
6	体操	tǐcāo	8893
6	体积	tǐjī	10883
6	体系	tǐxì	4476
6	添	tiān	4852
6	天才	tiāncái	4429
6	添加	tiānjiā	9253
6	天然	tiānrán	6323
6	天然气	tiānránqì	9485
6	天文	tiānwén	18488
6	天下	tiānxià	3855
6	天真	tiānzhēn	5823
6	田	tián	3192
6	田径	tiánjìng	12862
6	调节	tiáojié	6641
6	跳水	tiàoshuǐ	12755
6	贴近	tiējìn	14562
6	听话	tīnghuà	6757
6	听觉	tīngjué	
6	听取	tīngqǔ	6676
6	通道	tōngdào	3191
6	通风	tōngfēng	9572
6	通话	tōnghuà	5961
6	通信	tōngxìn	4315
6	通讯	tōngxùn	3811
6	通用	tōngyòng	8338
6	铜	tóng	4916
6	同伴	tóngbàn	6312
6	同行	tóngháng	6467
6	童话	tónghuà	6278
6	同类	tónglèi	7983
6	铜牌	tóngpái	24178
6	痛快	tòngkuài	9101
6	偷	tōu	1795
6	偷偷	tōutōu	4590
6	头脑	tóunǎo	4295
6	投票	tóupiào	1089
6	投诉	tóusù	3986
6	投资	tóuzī	1236
6	透	tòu	2096
6	透过	tòuguò	6580
6	透露	tòulù	2467
6	透明	tòumíng	6636
6	突发	tūfā	6668
6	突破	tūpò	2698
6	图案	tú’àn	6241
6	图表	túbiǎo	12345
6	徒弟	túdì	11560
6	途径	tújìng	4471
6	图像	túxiàng	4824
6	吐	tǔ	1958
6	土壤	tǔrǎng	9058
6	团结	tuánjié	3060
6	团体	tuántǐ	3675
6	团圆	tuányuán	16364
6	推测	tuīcè	6954
6	推销	tuīxiāo	6567
6	推行	tuīxíng	12757
6	退税	tuìshuì	
6	吞	tūn	5282
6	拖	tuō	2130
6	拖延	tuōyán	7732
6	托运	tuōyùn	21871
6	挖	wā	2449
6	哇	wā	762
6	娃娃	wáwa	4084
6	歪	wāi	5307
6	外表	wàibiǎo	5139
6	外交	wàijiāo	5317
6	外界	wàijiè	5695
6	外科	wàikē	4446
6	外来	wàilái	7042
6	外甥	wàisheng	
6	弯曲	wānqū	10174
6	顽强	wánqiáng	9997
6	万物	wànwù	
6	王子	wángzǐ	3631
6	网	wǎng	1491
6	往后	wǎnghòu	7978
6	往来	wǎnglái	8720
6	往年	wǎngnián	15676
6	望	wàng	3165
6	危机	wēijī	2869
6	微小	wēixiǎo	
6	违规	wéiguī	6325
6	维护	wéihù	3156
6	为难	wéinán	7920
6	围棋	wéiqí	
6	为期	wéiqī	12047
6	维生素	wéishēngsù	7240
6	为止	wéizhǐ	2138
6	委屈	wěiqu	10626
6	委托	wěituō	3172
6	未	wèi	752
6	未必	wèibì	7646
6	未成年人	wèichéngniánrén	8740
6	为此	wèicǐ	2706
6	为何	wèihé	1948
6	味觉	wèijué	
6	胃口	wèikǒu	7324
6	温和	wēnhé	7438
6	温柔	wēnróu	3534
6	文档	wéndàng	
6	文具	wénjù	24111
6	文科	wénkē	24983
6	文明	wénmíng	3200
6	闻名	wénmíng	10375
6	文物	wénwù	7733
6	文献	wénxiàn	11770
6	文艺	wényì	13887
6	乌龟	wūguī	
6	污水	wūshuǐ	9062
6	无所谓	wúsuǒwèi	4014
6	无疑	wúyí	3987
6	武器	wǔqì	1505
6	误	wù	4850
6	误解	wùjiě	6851
6	物体	wùtǐ	7517
6	吸取	xīqǔ	7936
6	媳妇	xífu	13013
6	习俗	xísú	10748
6	喜剧	xǐjù	5717
6	喜事	xǐshì	22506
6	洗漱	xǐshù	
6	细胞	xìbāo	2532
6	细菌	xìjūn	5314
6	系列	xìliè	2176
6	戏曲	xìqǔ	46627
6	细致	xìzhì	11083
6	吓	xià	1856
6	下功夫	xiàgōngfu	18471
6	下单	xiàdān	
6	夏令营	xiàlìngyíng	13625
6	下线	xiàxiàn	
6	下旬	xiàxún	26057
6	鲜明	xiānmíng	10344
6	先前	xiānqián	7581
6	鲜艳	xiānyàn	15101
6	嫌	xián	5973
6	显	xiǎn	3543
6	险	xiǎn	3419
6	显著	xiǎnzhù	1981
6	限	xiàn	5564
6	线	xiàn	679
6	现存	xiàncún	
6	限度	xiàndù	11462
6	现货	xiànhuò	
6	陷入	xiànrù	3109
6	线索	xiànsuǒ	2891
6	限于	xiànyú	9451
6	相差	xiāngchà	11680
6	香肠	xiāngcháng	11857
6	相传	xiāngchuán	22657
6	相等	xiāngděng	20539
6	相连	xiānglián	9446
6	香水	xiāngshuǐ	5737
6	相应	xiāngyìng	6310
6	项链	xiàngliàn	6716
6	象棋	xiàngqí	15393
6	相声	xiàngsheng	16761
6	向往	xiàngwǎng	8559
6	消除	xiāochú	3789
6	消毒	xiāodú	7069
6	消防	xiāofáng	3685
6	消耗	xiāohào	6744
6	消灭	xiāomiè	4105
6	小麦	xiǎomài	8774
6	小气	xiǎoqi	13236
6	小偷儿	xiǎotōur	147151
6	笑容	xiàoróng	3774
6	效应	xiàoyìng	5050
6	歇	xiē	6962
6	携带	xiédài	4738
6	协会	xiéhuì	2517
6	协调	xiétiáo	4200
6	协助	xiézhù	3724
6	心爱	xīn’ài	7587
6	心底	xīndǐ	
6	新款	xīnkuǎn	14970
6	心灵	xīnlíng	3168
6	新媒体	xīnméitǐ	
6	心目	xīnmù	7322
6	新能源	xīnnéngyuán	
6	薪水	xīnshui	7554
6	心疼	xīnténg	14175
6	新兴	xīnxīng	17047
6	新颖	xīnyǐng	15260
6	心愿	xīnyuàn	7950
6	心脏	xīnzàng	2663
6	信赖	xìnlài	8119
6	信念	xìnniàn	5379
6	兴起	xīngqǐ	12036
6	型号	xínghào	7153
6	形态	xíngtài	8215
6	性价比	xìngjiàbǐ	1000000
6	性能	xìngnéng	8457
6	胸	xiōng	2291
6	修订	xiūdìng	15186
6	修复	xiūfù	4833
6	袖子	xiùzi	
6	许可	xǔkě	4795
6	叙述	xùshù	9937
6	旋转	xuánzhuǎn	5279
6	选拔	xuǎnbá	7832
6	选修	xuǎnxiū	26976
6	学会	xuéhuì	1893
6	学位	xuéwèi	6034
6	学问	xuéwen	14605
6	学员	xuéyuán	7156
6	血管	xuèguǎn	4071
6	血型	xuèxíng	
6	血压	xuèyā	5637
6	血液	xuèyè	2736
6	循环	xúnhuán	4192
6	寻求	xúnqiú	3808
6	压缩	yāsuō	11394
6	亚军	yàjūn	11554
6	淹	yān	13011
6	淹没	yānmò	10092
6	严	yán	5871
6	沿海	yánhǎi	25696
6	严寒	yánhán	21390
6	严禁	yánjìn	12452
6	严厉	yánlì	5614
6	延期	yánqī	10510
6	炎热	yánrè	14826
6	延伸	yánshēn	7357
6	研讨	yántǎo	22210
6	延续	yánxù	6017
6	言语	yányǔ	6771
6	炎症	yánzhèng	14732
6	眼光	yǎnguāng	5024
6	眼看	yǎnkàn	9160
6	演奏	yǎnzòu	6261
6	宴会	yànhuì	6859
6	验证	yànzhèng	7174
6	仰	yǎng	11544
6	痒	yǎng	7367
6	养老	yǎnglǎo	11131
6	养老院	yǎnglǎoyuàn	21201
6	氧气	yǎngqì	8778
6	样	yàng	1699
6	遥远	yáoyuǎn	6127
6	要点	yàodiǎn	9297
6	要么	yàome	2454
6	要素	yàosù	10026
6	野	yě	2794
6	也好	yěhǎo	4579
6	野生	yěshēng	8844
6	野外	yěwài	10150
6	业	yè	2831
6	液体	yètǐ	6827
6	依旧	yījiù	4631
6	依赖	yīlài	4839
6	一流	yīliú	5035
6	衣食住行	yī-shí-zhù-xíng	38411
6	医药	yīyào	6630
6	一一	yīyī	2016
6	姨	yí	11475
6	一辈子	yíbèizi	2335
6	遗产	yíchǎn	5210
6	遗传	yíchuán	5637
6	一带	yídài	6591
6	一道	yídào	8613
6	一贯	yíguàn	7299
6	疑惑	yíhuò	7683
6	一律	yílǜ	13897
6	移民	yímín	4025
6	仪器	yíqì	5598
6	仪式	yíshì	2371
6	一向	yíxiàng	4429
6	一系列	yíxìliè	24973
6	一再	yízài	10127
6	一阵	yízhèn	3300
6	遗址	yízhǐ	14891
6	以便	yǐbiàn	4799
6	以免	yǐmiǎn	6746
6	以往	yǐwǎng	4084
6	异常	yìcháng	2505
6	益处	yìchù	18403
6	一帆风顺	yìfān-fēngshùn	17562
6	一口气	yìkǒuqì	12928
6	议论	yìlùn	9604
6	一模一样	yìmú-yíyàng	8179
6	艺人	yìrén	6701
6	一身	yìshēn	8569
6	一时	yìshí	3531
6	一同	yìtóng	5754
6	易于	yìyú	
6	抑制	yìzhì	5184
6	因	yīn	679
6	音节	yīnjié	20226
6	银	yín	2564
6	银牌	yínpái	21103
6	引	yǐn	2892
6	隐藏	yǐncáng	3821
6	引导	yǐndǎo	3723
6	引发	yǐnfā	3404
6	引入	yǐnrù	9959
6	隐私	yǐnsī	6796
6	饮用水	yǐnyòngshuǐ	17077
6	印	yìn	2082
6	婴儿	yīng’ér	3041
6	英雄	yīngxióng	1553
6	影子	yǐngzi	5925
6	拥挤	yōngjǐ	8579
6	涌现	yǒngxiàn	16229
6	勇于	yǒngyú	12276
6	用餐	yòngcān	10715
6	用处	yòngchù	12143
6	用功	yònggōng	19231
6	用人	yòngrén	15824
6	用心	yòngxīn	5685
6	优化	yōuhuà	15241
6	优先	yōuxiān	4732
6	优异	yōuyì	13012
6	由来	yóulái	22702
6	游人	yóurén	26098
6	犹如	yóurú	9172
6	有机	yǒujī	6879
6	有劲	yǒujìn	
6	有序	yǒuxù	20495
6	于	yú	246
6	余额	yú’é	13488
6	与其	yǔqí	14771
6	羽绒服	yǔróngfú	37036
6	预定	yùdìng	6077
6	预料	yùliào	6408
6	预期	yùqī	4393
6	浴室	yùshì	6898
6	欲望	yùwàng	4261
6	原本	yuánběn	3144
6	原材料	yuáncáiliào	18996
6	原理	yuánlǐ	6978
6	原料	yuánliào	6634
6	园林	yuánlín	19734
6	圆满	yuánmǎn	7745
6	原始	yuánshǐ	4929
6	元素	yuánsù	4636
6	原先	yuánxiān	7083
6	元宵	yuánxiāo	
6	源于	yuányú	9722
6	远程	yuǎnchéng	7829
6	远方	yuǎnfāng	10239
6	约束	yuēshù	6418
6	月光	yuèguāng	
6	乐器	yuèqì	9468
6	月球	yuèqiú	7401
6	乐曲	yuèqǔ	16970
6	晕	yūn	2983
6	晕车	yùnchē	22555
6	运送	yùnsòng	8282
6	运行	yùnxíng	3506
6	运营	yùnyíng	7293
6	杂	zá	6202
6	灾	zāi	8756
6	灾害	zāihài	13624
6	灾难	zāinàn	4796
6	灾区	zāiqū	19915
6	再三	zàisān	13301
6	再生	zàishēng	7384
6	在意	zàiyì	4370
6	赞赏	zànshǎng	9507
6	赞同	zàntóng	5974
6	遭到	zāodào	3320
6	遭受	zāoshòu	4480
6	遭遇	zāoyù	3395
6	噪声	zàoshēng	13457
6	造型	zàoxíng	2842
6	则	zé	966
7-9	则	zé	966
6	扎	zhā	3490
6	炸	zhà	3064
6	粘	zhān	3640
6	粘贴	zhāntiē	26487
6	崭新	zhǎnxīn	7384
6	占比	zhànbǐ	
6	战斗	zhàndòu	1822
6	占据	zhànjù	5028
6	战胜	zhànshèng	3571
6	占有	zhànyǒu	7035
6	战争	zhànzhēng	1274
6	章	zhāng	3279
6	长辈	zhǎngbèi	14245
6	障碍	zhàng’ài	2859
6	账单	zhàngdān	11708
6	招	zhāo	1522
6	招待	zhāodài	8447
6	招生	zhāoshēng	14045
6	招手	zhāoshǒu	15211
6	招收	zhāoshōu	16009
6	照明	zhàomíng	11661
6	折	zhé	3422
6	针	zhēn	2990
6	真相	zhēnxiàng	2208
6	珍珠	zhēnzhū	7342
6	枕头	zhěntou	7101
6	镇	zhèn	1583
6	阵雨	zhènyǔ	
6	睁	zhēng	5578
6	争吵	zhēngchǎo	6559
6	争夺	zhēngduó	4859
6	争论	zhēnglùn	5270
6	征求	zhēngqiú	8059
6	争议	zhēngyì	6061
6	政策	zhèngcè	2305
6	正规	zhèngguī	8673
6	正面	zhèngmiàn	5294
6	证实	zhèngshí	2449
6	正义	zhèngyì	4214
6	症状	zhèngzhuàng	2536
6	支	zhī	915
6	枝	zhī	7489
6	支撑	zhīchēng	4627
6	支出	zhīchū	8039
6	脂肪	zhīfáng	5472
6	之所以	zhīsuǒyǐ	3256
6	值班	zhíbān	7266
6	职位	zhíwèi	4431
6	职务	zhíwù	5790
6	职员	zhíyuán	7519
6	职责	zhízé	3326
6	侄子	zhízi	
6	只得	zhǐdé	15228
6	指定	zhǐdìng	4756
6	只顾	zhǐgù	13620
6	指挥	zhǐhuī	2687
6	指示	zhǐshì	3699
6	指责	zhǐzé	4694
6	制	zhì	2245
6	至关重要	zhìguān-zhòngyào	7960
6	智力	zhìlì	6821
6	治理	zhìlǐ	10575
6	制品	zhìpǐn	8723
6	秩序	zhìxù	4066
6	质疑	zhìyí	4119
6	至于	zhìyú	2570
6	中等	zhōngděng	8572
6	终点	zhōngdiǎn	6594
6	中断	zhōngduàn	6613
6	终身	zhōngshēn	6075
6	钟头	zhōngtóu	12772
6	中旬	zhōngxún	15789
6	中央	zhōngyāng	1962
6	肿	zhǒng	4469
6	中	zhòng	71
6	种地	zhòngdì	
6	中毒	zhòngdú	5105
6	中奖	zhòngjiǎng	8049
6	众人	zhòngrén	4898
6	中暑	zhòngshǔ	
6	众所周知	zhòngsuǒzhōuzhī	9992
6	重心	zhòngxīn	9679
6	州	zhōu	1970
6	粥	zhōu	6967
6	周边	zhōubiān	6380
6	周到	zhōudào	10949
6	周期	zhōuqī	8079
6	株	zhū	8828
6	珠宝	zhūbǎo	5766
6	诸多	zhūduō	10368
6	主办	zhǔbàn	10648
6	主播	zhǔbō	
6	主导	zhǔdǎo	7113
6	主管	zhǔguǎn	2737
6	主角	zhǔjué	3747
6	主流	zhǔliú	8548
6	主演	zhǔyǎn	6397
6	主张	zhǔzhāng	6498
6	祝福	zhùfú	2756
6	助理	zhùlǐ	3755
6	助手	zhùshǒu	5431
6	祝愿	zhùyuàn	9931
6	住宅	zhùzhái	5260
6	著作	zhùzuò	5487
6	砖	zhuān	6186
6	专科	zhuānkē	13834
6	专利	zhuānlì	6388
6	专题	zhuāntí	10707
6	专用	zhuānyòng	5813
6	专注	zhuānzhù	7159
6	转换	zhuǎnhuàn	4951
6	转交	zhuǎnjiāo	14866
6	转让	zhuǎnràng	10032
6	转身	zhuǎnshēn	3933
6	转移	zhuǎnyí	2080
6	转	zhuàn	508
6	转动	zhuàndòng	8802
6	装备	zhuāngbèi	2855
6	庄稼	zhuāngjia	15246
6	追究	zhuījiū	7709
6	捉	zhuō	6204
6	资本	zīběn	6830
6	资产	zīchǎn	3495
6	自豪	zìháo	4682
6	自来水	zìláishuǐ	11026
6	自律	zìlǜ	
6	字幕	zìmù	11551
6	自杀	zìshā	2864
6	自我	zìwǒ	1634
6	自言自语	zìyán-zìyǔ	13534
6	自愿	zìyuàn	4902
6	自助	zìzhù	10615
6	棕色	zōngsè	9535
6	总裁	zǒngcái	4197
6	总计	zǒngjì	19345
6	总理	zǒnglǐ	5561
6	总算	zǒngsuàn	4933
6	粽子	zòngzi	26967
6	走廊	zǒuláng	5747
6	足	zú	2507
6	足以	zúyǐ	4303
6	阻碍	zǔ’ài	6293
6	阻挡	zǔdǎng	7670
6	祖国	zǔguó	4334
6	祖先	zǔxiān	10617
6	钻	zuān	3642
6	罪	zuì	1978
7-9	挨	āi	5720
7-9	挨家挨户	āijiā-āihù	26236
7-9	哀求	āiqiú	19304
7-9	癌	ái	6175
7-9	癌症	áizhèng	4759
7-9	爱不释手	àibúshìshǒu	26355
7-9	爱戴	àidài	15369
7-9	暧昧	àimèi	11523
7-9	爱慕	àimù	
7-9	碍事	àishì	34045
7-9	爱惜	àixī	20535
7-9	艾滋病	àizībìng	6270
7-9	安定	āndìng	7377
7-9	安抚	ānfǔ	12099
7-9	安眠药	ānmiányào	16000
7-9	安宁	ānníng	9417
7-9	安稳	ānwěn	12368
7-9	安详	ānxiáng	16971
7-9	安心	ānxīn	5992
7-9	安逸	ānyì	14622
7-9	安置	ānzhì	5845
7-9	暗地里	àndìlǐ	20436
7-9	案件	ànjiàn	1617
7-9	按理	ànlǐ	
7-9	按钮	ànniǔ	
7-9	按说	ànshuō	32917
7-9	暗中	ànzhōng	9222
7-9	凹	āo	10239
7-9	熬	áo	4418
7-9	傲	ào	7205
7-9	傲慢	àomàn	11766
7-9	奥秘	àomì	18113
7-9	扒	bā	8554
7-9	疤	bā	9775
7-9	巴不得	bābudé	22440
7-9	八成	bāchéng	
7-9	八卦	bāguà	6491
7-9	巴结	bājie	27264
7-9	芭蕾	bālěi	12522
7-9	巴掌	bāzhang	
7-9	拔	bá	3803
7-9	把柄	bǎbǐng	20374
7-9	把关	bǎguān	24750
7-9	把手	bǎshou	8291
7-9	靶子	bǎzi	21978
7-9	坝	bà	18700
7-9	霸道	bàdào	15377
7-9	罢工	bàgōng	8001
7-9	罢了	bàle	3807
7-9	罢免	bàmiǎn	28683
7-9	罢休	bàxiū	17351
7-9	霸占	bàzhàn	17196
7-9	掰	bāi	11771
7-9	百般	bǎibān	
7-9	摆动	bǎidòng	16046
7-9	百分比	bǎifēnbǐ	21781
7-9	百合	bǎihé	10056
7-9	百科全书	bǎikēquánshū	22806
7-9	摆平	bǎipíng	16373
7-9	摆设	bǎishe	14321
7-9	柏树	bǎishù	38128
7-9	败坏	bàihuài	19110
7-9	拜会	bàihuì	30764
7-9	拜见	bàijiàn	24574
7-9	拜托	bàituō	5463
7-9	扳	bān	11169
7-9	颁布	bānbù	12004
7-9	斑点	bāndiǎn	13316
7-9	颁发	bānfā	8003
7-9	颁奖	bānjiǎng	5383
7-9	斑马线	bānmǎxiàn	
7-9	搬迁	bānqiān	14777
7-9	板块	bǎnkuài	11235
7-9	版权	bǎnquán	
7-9	扮	bàn	6738
7-9	伴	bàn	3537
7-9	拌	bàn	9875
7-9	绊	bàn	
7-9	半边天	bànbiāntiān	37858
7-9	半岛	bàndǎo	12843
7-9	半导体	bàndǎotǐ	
7-9	绊脚石	bànjiǎoshí	
7-9	半径	bànjìng	
7-9	伴侣	bànlǚ	6851
7-9	办事处	bànshìchù	11821
7-9	半数	bànshù	11646
7-9	半途而废	bàntú’érfèi	25389
7-9	半信半疑	bànxìn-bànyí	40048
7-9	办学	bànxué	39436
7-9	伴奏	bànzòu	13684
7-9	帮手	bāngshou	10534
7-9	绑	bǎng	5003
7-9	绑架	bǎngjià	3992
7-9	磅	bàng	5014
7-9	煲	bāo	14364
7-9	剥	bāo	7525
7-9	包庇	bāobì	20727
7-9	褒贬	bāobiǎn	
7-9	包袱	bāofu	9285
7-9	包罗万象	bāoluó-wànxiàng	
7-9	包容	bāoróng	10708
7-9	包围	bāowéi	5295
7-9	包扎	bāozā	14432
7-9	饱和	bǎohé	19403
7-9	饱经沧桑	bǎojīng-cāngsāng	86660
7-9	宝库	bǎokù	22455
7-9	堡垒	bǎolěi	12525
7-9	饱满	bǎomǎn	16473
7-9	保密	bǎomì	5279
7-9	保姆	bǎomǔ	5382
7-9	宝石	bǎoshí	8615
7-9	保守	bǎoshǒu	4898
7-9	保卫	bǎowèi	5011
7-9	保鲜	bǎoxiān	16569
7-9	保养	bǎoyǎng	10030
7-9	保佑	bǎoyòu	4727
7-9	宝藏	bǎozàng	11504
7-9	保重	bǎozhòng	9105
7-9	报	bào	967
7-9	豹	bào	7248
7-9	报案	bào’àn	
7-9	报酬	bàochou	6322
7-9	报仇	bàochóu	8334
7-9	报答	bàodá	11736
7-9	报废	bàofèi	15621
7-9	暴风骤雨	bàofēng-zhòuyǔ	47595
7-9	报复	bàofù	4880
7-9	抱负	bàofù	20578
7-9	曝光	bàoguāng	5114
7-9	暴利	bàolì	27880
7-9	爆满	bàomǎn	24881
7-9	报销	bàoxiāo	12447
7-9	暴躁	bàozào	12213
7-9	爆竹	bàozhú	16172
7-9	碑	bēi	16576
7-9	悲哀	bēi’āi	6059
7-9	卑鄙	bēibǐ	10658
7-9	悲惨	bēicǎn	8154
7-9	背负	bēifù	
7-9	悲欢离合	bēihuān-líhé	57812
7-9	悲痛	bēitòng	10078
7-9	卑微	bēiwēi	
7-9	备	bèi	
7-9	备份	bèifèn	12070
7-9	被告	bèigào	3643
7-9	贝壳	bèiké	16537
7-9	备课	bèikè	33147
7-9	背面	bèimiàn	10439
7-9	背叛	bèipàn	5017
7-9	背诵	bèisòng	19524
7-9	备忘录	bèiwànglù	10931
7-9	背影	bèiyǐng	
7-9	备战	bèizhàn	
7-9	奔波	bēnbō	12069
7-9	奔驰	bēnchí	7787
7-9	奔赴	bēnfù	21998
7-9	本分	běnfèn	23007
7-9	本钱	běnqián	18266
7-9	本色	běnsè	10431
7-9	本事	běnshi	5333
7-9	本性	běnxìng	8657
7-9	本意	běnyì	13124
7-9	本着	běnzhe	19101
7-9	奔	bèn	5778
7-9	笨蛋	bèndàn	5816
7-9	笨重	bènzhòng	25279
7-9	笨拙	bènzhuō	17203
7-9	绷	bēng	11156
7-9	绷带	bēngdài	16542
7-9	崩溃	bēngkuì	4192
7-9	蹦	bèng	7023
7-9	迸发	bèngfā	23536
7-9	逼近	bījìn	12487
7-9	逼迫	bīpò	13026
7-9	逼真	bīzhēn	13735
7-9	鼻涕	bítì	12144
7-9	比比皆是	bǐbǐ-jiēshì	29754
7-9	笔墨	bǐmò	
7-9	比试	bǐshi	22158
7-9	鄙视	bǐshì	8470
7-9	弊病	bìbìng	34995
7-9	必不可少	bìbùkěshǎo	15604
7-9	必定	bìdìng	8680
7-9	弊端	bìduān	19905
7-9	壁画	bìhuà	16718
7-9	必将	bìjiāng	10072
7-9	壁垒	bìlěi	
7-9	碧绿	bìlǜ	33401
7-9	避难	bìnàn	17616
7-9	避让	bìràng	
7-9	毕生	bìshēng	
7-9	避暑	bìshǔ	23952
7-9	鞭策	biāncè	24553
7-9	编程	biānchéng	
7-9	编号	biānhào	7219
7-9	边疆	biānjiāng	28113
7-9	边界	biānjiè	7042
7-9	边境	biānjìng	5914
7-9	编剧	biānjù	7362
7-9	编排	biānpái	10560
7-9	鞭炮	biānpào	17033
7-9	边缘	biānyuán	4635
7-9	边远	biānyuǎn	26329
7-9	编造	biānzào	12743
7-9	编制	biānzhì	12038
7-9	编织	biānzhī	13145
7-9	扁	biǎn	5218
7-9	贬低	biǎndī	17829
7-9	贬值	biǎnzhí	19175
7-9	辩	biàn	7226
7-9	辨别	biànbié	12941
7-9	遍布	biànbù	10269
7-9	便饭	biànfàn	51135
7-9	变革	biàngé	9189
7-9	变更	biàngēng	10372
7-9	变故	biàngù	20768
7-9	辩护	biànhù	5728
7-9	变换	biànhuàn	10769
7-9	变幻莫测	biànhuàn-mòcè	37275
7-9	辩解	biànjiě	11543
7-9	辩论	biànlùn	7547
7-9	变迁	biànqiān	17425
7-9	辨认	biànrèn	10922
7-9	变通	biàntōng	
7-9	便携式	biànxiéshì	
7-9	变形	biànxíng	6036
7-9	变异	biànyì	8927
7-9	辩证	biànzhèng	28181
7-9	辫子	biànzi	16801
7-9	标	biāo	3748
7-9	标榜	biāobǎng	24532
7-9	标本	biāoběn	9844
7-9	标点	biāodiǎn	36947
7-9	标记	biāojì	5706
7-9	标签	biāoqiān	6258
7-9	飙升	biāoshēng	21633
7-9	标识	biāoshí	
7-9	标示	biāoshì	18067
7-9	标语	biāoyǔ	10321
7-9	标致	biāozhì	19135
7-9	表白	biǎobái	10481
7-9	表决	biǎojué	7667
7-9	表述	biǎoshù	14483
7-9	表率	biǎoshuài	25988
7-9	表态	biǎotài	8599
7-9	表彰	biǎozhāng	11646
7-9	憋	biē	6662
7-9	别具匠心	biéjù-jiàngxīn	67237
7-9	别看	biékàn	12369
7-9	别墅	biéshù	4646
7-9	别说	biéshuō	6983
7-9	别致	biézhì	16822
7-9	别扭	bièniu	8970
7-9	彬彬有礼	bīnbīn-yǒulǐ	29487
7-9	缤纷	bīnfēn	24038
7-9	濒临	bīnlín	14334
7-9	濒危	bīnwēi	
7-9	冰雹	bīngbáo	20357
7-9	冰棍儿	bīnggùnr	62971
7-9	冰山一角	bīngshān-yìjiǎo	
7-9	冰天雪地	bīngtiān-xuědì	
7-9	丙	bǐng	9842
7-9	秉承	bǐngchéng	40658
7-9	秉持	bǐngchí	
7-9	并发症	bìngfāzhèng	
7-9	并非	bìngfēi	2403
7-9	并购	bìnggòu	17583
7-9	并肩	bìngjiān	
7-9	病历	bìnglì	
7-9	并列	bìngliè	18468
7-9	并行	bìngxíng	26109
7-9	病症	bìngzhèng	13328
7-9	拨	bō	2539
7-9	波动	bōdòng	7054
7-9	剥夺	bōduó	7485
7-9	波及	bōjí	18382
7-9	拨款	bōkuǎn	14195
7-9	波澜	bōlán	19825
7-9	波浪	bōlàng	15431
7-9	波涛	bōtāo	27414
7-9	剥削	bōxuē	12734
7-9	波折	bōzhé	22248
7-9	伯伯	bóbo	24986
7-9	博大精深	bódà-jīngshēn	41630
7-9	搏斗	bódòu	11802
7-9	伯父	bófù	23161
7-9	驳回	bóhuí	10710
7-9	伯母	bómǔ	27007
7-9	博学	bóxué	
7-9	博弈	bóyì	
7-9	不算	búsuàn	11114
7-9	不当	búdàng	
7-9	不定	búdìng	17123
7-9	不动产	búdòngchǎn	
7-9	不见得	bújiàndé	17256
7-9	不愧	búkuì	11038
7-9	不力	búlì	
7-9	不妙	búmiào	
7-9	不慎	búshèn	20102
7-9	不下	búxià	
7-9	不像话	búxiànghuà	25125
7-9	不肖	búxiào	
7-9	不屑	búxiè	12937
7-9	不懈	búxiè	18634
7-9	不厌其烦	búyàn-qífán	
7-9	不亚于	búyàyú	38742
7-9	不翼而飞	búyì’érfēi	25860
7-9	不亦乐乎	búyìlèhū	26229
7-9	不正之风	búzhèngzhīfēng	16308
7-9	捕获	bǔhuò	
7-9	补给	bǔjǐ	11865
7-9	补救	bǔjiù	13343
7-9	哺乳	bǔrǔ	24766
7-9	捕食	bǔshí	
7-9	哺育	bǔyù	32916
7-9	补助	bǔzhù	10885
7-9	捕捉	bǔzhuō	9452
7-9	不经意	bùjīngyì	11628
7-9	不予	bùyǔ	12523
7-9	不准	bùzhǔn	3924
7-9	不耻下问	bùchǐ-xiàwèn	83856
7-9	不辞而别	bùcí’érbié	33466
7-9	不得而知	bùdé’érzhī	20317
7-9	不得已	bùdéyǐ	13044
7-9	不乏	bùfá	
7-9	步伐	bùfá	6867
7-9	不法	bùfǎ	
7-9	不妨	bùfáng	7625
7-9	不服	bùfú	28565
7-9	不敢当	bùgǎndāng	35004
7-9	不及	bùjí	
7-9	部件	bùjiàn	10075
7-9	不假思索	bùjiǎ-sīsuǒ	33772
7-9	不解	bùjiě	17259
7-9	不景气	bùjǐngqì	16728
7-9	布局	bùjú	10770
7-9	不堪	bùkān	8963
7-9	不可或缺	bùkě-huòquē	
7-9	不可思议	bùkě-sīyì	4689
7-9	不了了之	bùliǎo-liǎozhī	24145
7-9	不免	bùmiǎn	24642
7-9	不平	bùpíng	22650
7-9	不容	bùróng	9409
7-9	步入	bùrù	8588
7-9	部首	bùshǒu	
7-9	部署	bùshǔ	5610
7-9	不惜	bùxī	5983
7-9	不相上下	bùxiāng-shàngxià	24846
7-9	不言而喻	bùyán’éryù	20519
7-9	不以为然	bùyǐwéirán	23388
7-9	不由得	bùyóude	20909
7-9	不由自主	bùyóuzìzhǔ	14247
7-9	不约而同	bùyuē’értóng	32822
7-9	不折不扣	bùzhé-búkòu	
7-9	不知不觉	bùzhī-bùjué	10896
7-9	不知所措	bùzhī-suǒcuò	
7-9	猜想	cāixiǎng	9517
7-9	裁	cái	9643
7-9	裁定	cáidìng	10904
7-9	裁缝	cáifeng	19354
7-9	才干	cáigàn	19342
7-9	财经	cáijīng	14956
7-9	裁决	cáijué	8282
7-9	财力	cáilì	16674
7-9	裁员	cáiyuán	13947
7-9	财政	cáizhèng	4062
7-9	采	cǎi	4885
7-9	采矿	cǎikuàng	18159
7-9	采摘	cǎizhāi	
7-9	菜肴	càiyáo	
7-9	参见	cānjiàn	15738
7-9	参谋	cānmóu	16567
7-9	参照	cānzhào	12553
7-9	残	cán	4560
7-9	残酷	cánkù	5092
7-9	惭愧	cánkuì	11505
7-9	残留	cánliú	8526
7-9	残缺	cánquē	21126
7-9	残忍	cánrěn	5247
7-9	惨	cǎn	3563
7-9	惨白	cǎnbái	33380
7-9	惨痛	cǎntòng	19765
7-9	惨重	cǎnzhòng	14052
7-9	灿烂	cànlàn	7167
7-9	舱	cāng	5838
7-9	苍白	cāngbái	8479
7-9	仓促	cāngcù	15377
7-9	沧桑	cāngsāng	21433
7-9	苍蝇	cāngying	9274
7-9	藏匿	cángnì	14901
7-9	藏品	cángpǐn	17462
7-9	藏身	cángshēn	12426
7-9	操控	cāokòng	1000000
7-9	操劳	cāoláo	25088
7-9	操练	cāoliàn	27364
7-9	操心	cāoxīn	9620
7-9	操纵	cāozòng	6296
7-9	嘈杂	cáozá	19603
7-9	草案	cǎo’àn	12348
7-9	草丛	cǎocóng	
7-9	草坪	cǎopíng	8857
7-9	草率	cǎoshuài	17191
7-9	草药	cǎoyào	
7-9	测定	cèdìng	11704
7-9	侧面	cèmiàn	8235
7-9	测算	cèsuàn	19628
7-9	测验	cèyàn	9742
7-9	侧重	cèzhòng	27115
7-9	层出不穷	céngchū-bùqióng	22670
7-9	蹭	cèng	9534
7-9	差错	chācuò	11202
7-9	差额	chā’é	25169
7-9	插曲	chāqǔ	
7-9	插手	chāshǒu	11136
7-9	插图	chātú	20743
7-9	插嘴	chāzuǐ	21594
7-9	查处	cháchǔ	18600
7-9	查获	cháhuò	26153
7-9	察觉	chájué	8230
7-9	察看	chákàn	14308
7-9	查明	chámíng	7858
7-9	岔	chà	21163
7-9	刹那	chànà	25638
7-9	诧异	chàyì	18266
7-9	拆迁	chāiqiān	16470
7-9	柴油	cháiyóu	13271
7-9	掺	chān	9989
7-9	搀	chān	31166
7-9	馋	chán	23290
7-9	缠	chán	5340
7-9	缠绕	chánrào	15126
7-9	铲	chǎn	9053
7-9	产权	chǎnquán	
7-9	阐释	chǎnshì	
7-9	阐述	chǎnshù	11936
7-9	产物	chǎnwù	9259
7-9	产业链	chǎnyèliàn	
7-9	产值	chǎnzhí	27135
7-9	颤抖	chàndǒu	7961
7-9	猖狂	chāngkuáng	23389
7-9	昌盛	chāngshèng	39394
7-9	偿还	chánghuán	7907
7-9	常理	chánglǐ	17217
7-9	长期以来	chángqīyǐlái	29889
7-9	常人	chángrén	10957
7-9	常态	chángtài	21293
7-9	长效	chángxiào	96545
7-9	长征	chángzhēng	27081
7-9	长足	chángzú	26492
7-9	敞开	chǎngkāi	8057
7-9	倡导	chàngdǎo	14916
7-9	唱片	chàngpiàn	4152
7-9	畅谈	chàngtán	24091
7-9	倡议	chàngyì	20762
7-9	超标	chāobiāo	14057
7-9	钞票	chāopiào	8565
7-9	超前	chāoqián	16737
7-9	抄袭	chāoxí	17210
7-9	潮	cháo	5342
7-9	嘲弄	cháonòng	22630
7-9	潮水	cháoshuǐ	
7-9	巢穴	cháoxué	
7-9	炒作	chǎozuò	13479
7-9	车间	chējiān	9037
7-9	扯	chě	3440
7-9	撤	chè	5225
7-9	撤离	chèlí	6671
7-9	撤退	chètuì	8153
7-9	彻夜	chèyè	18457
7-9	沉淀	chéndiàn	20934
7-9	沉甸甸	chéndiàndiàn	37849
7-9	沉浸	chénjìn	9604
7-9	陈旧	chénjiù	14439
7-9	陈列	chénliè	18588
7-9	沉闷	chénmèn	14168
7-9	沉迷	chénmí	10833
7-9	陈述	chénshù	5955
7-9	沉睡	chénshuì	
7-9	沉思	chénsī	12703
7-9	沉稳	chénwěn	21483
7-9	沉着	chénzhuó	14088
7-9	趁机	chènjī	12640
7-9	衬托	chèntuō	18202
7-9	称心如意	chènxīn-rúyì	37311
7-9	趁早	chènzǎo	23121
7-9	呈	chéng	
7-9	承包	chéngbāo	15426
7-9	成才	chéngcái	27672
7-9	成家	chéngjiā	18911
7-9	成家立业	chéngjiā-lìyè	
7-9	承接	chéngjiē	
7-9	诚恳	chéngkěn	12015
7-9	成年	chéngnián	8809
7-9	成品	chéngpǐn	13463
7-9	城墙	chéngqiáng	11366
7-9	澄清	chéngqīng	8124
7-9	成全	chéngquán	
7-9	成群结队	chéngqún-jiéduì	32277
7-9	成天	chéngtiān	11910
7-9	成心	chéngxīn	35628
7-9	成型	chéngxíng	16863
7-9	诚意	chéngyì	10064
7-9	承载	chéngzài	15054
7-9	诚挚	chéngzhì	15382
7-9	逞强	chěngqiáng	21363
7-9	秤	chèng	11539
7-9	痴呆	chīdāi	11973
7-9	吃喝玩乐	chī-hē-wán-lè	29716
7-9	吃苦	chīkǔ	22843
7-9	吃亏	chīkuī	14289
7-9	吃力	chīlì	16781
7-9	痴迷	chīmí	12223
7-9	痴心	chīxīn	32193
7-9	持	chí	3485
7-9	迟迟	chíchí	17783
7-9	迟钝	chídùn	
7-9	迟缓	chíhuǎn	18935
7-9	驰名	chímíng	32609
7-9	持平	chípíng	
7-9	池塘	chítáng	13296
7-9	迟疑	chíyí	15094
7-9	迟早	chízǎo	6843
7-9	持之以恒	chízhī-yǐhéng	29365
7-9	尺度	chǐdù	14903
7-9	耻辱	chǐrǔ	10183
7-9	耻笑	chǐxiào	36480
7-9	赤道	chìdào	26607
7-9	赤字	chìzì	16781
7-9	充	chōng	6849
7-9	充斥	chōngchì	
7-9	冲刺	chōngcì	12963
7-9	充当	chōngdāng	10267
7-9	憧憬	chōngjǐng	
7-9	冲浪	chōnglàng	14433
7-9	充沛	chōngpèi	17447
7-9	冲洗	chōngxǐ	11384
7-9	充裕	chōngyù	
7-9	冲撞	chōngzhuàng	19174
7-9	重重	chóngchóng	
7-9	重叠	chóngdié	15699
7-9	重返	chóngfǎn	8381
7-9	崇高	chónggāo	9754
7-9	重合	chónghé	30332
7-9	崇敬	chóngjìng	21423
7-9	崇尚	chóngshàng	14607
7-9	重申	chóngshēn	10173
7-9	重现	chóngxiàn	10802
7-9	重组	chóngzǔ	5805
7-9	宠	chǒng	8378
7-9	宠爱	chǒng’ài	13556
7-9	抽查	chōuchá	
7-9	抽签	chōuqiān	11841
7-9	抽屉	chōuti	9913
7-9	抽样	chōuyàng	
7-9	仇	chóu	7742
7-9	稠	chóu	20182
7-9	筹	chóu	5061
7-9	筹办	chóubàn	20530
7-9	筹措	chóucuò	25118
7-9	仇恨	chóuhèn	7685
7-9	筹划	chóuhuà	13361
7-9	筹集	chóují	9390
7-9	筹码	chóumǎ	6228
7-9	愁眉苦脸	chóuméi-kǔliǎn	34813
7-9	稠密	chóumì	36571
7-9	仇人	chóurén	17149
7-9	瞅	chǒu	14967
7-9	丑恶	chǒu’è	15629
7-9	丑陋	chǒulòu	10266
7-9	丑闻	chǒuwén	8065
7-9	出厂	chūchǎng	19911
7-9	出丑	chūchǒu	25263
7-9	出动	chūdòng	7080
7-9	出发点	chūfādiǎn	16115
7-9	出访	chūfǎng	29179
7-9	出局	chūjú	6160
7-9	出具	chūjù	21185
7-9	出口成章	chūkǒu-chéngzhāng	84607
7-9	出路	chūlù	6833
7-9	出卖	chūmài	6550
7-9	出面	chūmiàn	9572
7-9	出任	chūrèn	23581
7-9	出人意料	chūrényìliào	12127
7-9	出神	chūshén	33360
7-9	出身	chūshēn	7256
7-9	出手	chūshǒu	5381
7-9	出台	chūtái	14622
7-9	出头	chūtóu	11064
7-9	出土	chūtǔ	28546
7-9	出息	chūxi	21358
7-9	出征	chūzhēng	
7-9	出众	chūzhòng	9595
7-9	初衷	chūzhōng	12228
7-9	出资	chūzī	14377
7-9	出走	chūzǒu	11691
7-9	锄	chú	
7-9	橱窗	chúchuāng	
7-9	除去	chúqù	9054
7-9	除外	chúwài	11088
7-9	储备	chǔbèi	6821
7-9	处方	chǔfāng	7368
7-9	处分	chǔfèn	13191
7-9	处境	chǔjìng	6773
7-9	储量	chǔliàng	
7-9	处事	chǔshì	
7-9	处置	chǔzhì	5848
7-9	触动	chùdòng	10164
7-9	触犯	chùfàn	13633
7-9	触觉	chùjué	27054
7-9	矗立	chùlì	
7-9	触摸	chùmō	8717
7-9	触目惊心	chùmù-jīngxīn	27190
7-9	揣	chuāi	15013
7-9	揣测	chuǎicè	24740
7-9	揣摩	chuǎimó	27678
7-9	踹	chuài	10891
7-9	川流不息	chuānliú-bùxī	43668
7-9	穿梭	chuānsuō	
7-9	穿越	chuānyuè	4227
7-9	穿着	chuānzhuó	3024
7-9	船舶	chuánbó	25827
7-9	传单	chuándān	14446
7-9	传媒	chuánméi	9012
7-9	传奇	chuánqí	3877
7-9	传人	chuánrén	24176
7-9	传闻	chuánwén	7065
7-9	传言	chuányán	7061
7-9	喘	chuǎn	6446
7-9	喘息	chuǎnxī	16397
7-9	串门	chuànmén	27035
7-9	窗帘	chuānglián	9289
7-9	创伤	chuāngshāng	6774
7-9	床位	chuángwèi	17311
7-9	创	chuàng	3252
7-9	创始人	chuàngshǐrén	10526
7-9	吹牛	chuīniú	13710
7-9	吹捧	chuīpěng	25897
7-9	炊烟	chuīyān	
7-9	垂	chuí	7815
7-9	捶	chuí	16170
7-9	锤	chuí	10183
7-9	垂头丧气	chuítóu-sàngqì	34963
7-9	纯粹	chúncuì	5335
7-9	醇厚	chúnhòu	39034
7-9	纯洁	chúnjié	7498
7-9	纯朴	chúnpǔ	30382
7-9	淳朴	chúnpǔ	
7-9	蠢	chǔn	5576
7-9	戳	chuō	5113
7-9	绰号	chuòhào	12648
7-9	辞	cí	6073
7-9	辞呈	cíchéng	22608
7-9	磁带	cídài	13427
7-9	辞典	cídiǎn	20918
7-9	慈善	císhàn	3786
7-9	磁铁	cítiě	
7-9	辞退	cítuì	18196
7-9	慈祥	cíxiáng	24694
7-9	雌性	cíxìng	
7-9	此起彼伏	cǐqǐ-bǐfú	32474
7-9	此致	cǐzhì	55695
7-9	赐	cì	6349
7-9	刺耳	cì’ěr	17939
7-9	刺骨	cìgǔ	23267
7-9	伺候	cìhou	12125
7-9	赐教	cìjiào	44589
7-9	次品	cìpǐn	33111
7-9	次日	cìrì	16038
7-9	刺绣	cìxiù	17696
7-9	次序	cìxù	19485
7-9	刺眼	cìyǎn	
7-9	次要	cìyào	16951
7-9	葱	cōng	9571
7-9	丛	cóng	15283
7-9	丛林	cónglín	9828
7-9	从容	cóngróng	11439
7-9	从容不迫	cóngróng-búpò	36570
7-9	从头	cóngtóu	9612
7-9	凑	còu	5780
7-9	凑合	còuhe	15418
7-9	凑巧	còuqiǎo	20770
7-9	粗暴	cūbào	11887
7-9	粗糙	cūcāo	9951
7-9	粗鲁	cūlǔ	15387
7-9	粗略	cūlüè	20727
7-9	粗心大意	cūxīn-dàyì	34849
7-9	促成	cùchéng	11559
7-9	簇拥	cùyōng	31080
7-9	窜	cuàn	8750
7-9	摧残	cuīcán	16091
7-9	催促	cuīcù	17534
7-9	摧毁	cuīhuǐ	5684
7-9	催眠	cuīmián	12124
7-9	璀璨	cuǐcàn	
7-9	翠绿	cuìlǜ	30218
7-9	存活	cúnhuó	
7-9	存货	cúnhuò	
7-9	存心	cúnxīn	20829
7-9	存折	cúnzhé	16257
7-9	搓	cuō	11489
7-9	磋商	cuōshāng	31471
7-9	挫败	cuòbài	
7-9	错别字	cuòbiézì	39226
7-9	错觉	cuòjué	13279
7-9	措手不及	cuòshǒu-bùjí	17342
7-9	错位	cuòwèi	19619
7-9	错综复杂	cuòzōng-fùzá	23747
7-9	搭乘	dāchéng	12146
7-9	搭档	dādàng	5237
7-9	搭建	dājiàn	16849
7-9	答辩	dábiàn	20688
7-9	达标	dábiāo	17413
7-9	打	dǎ	153
7-9	打喷嚏	dǎpēntì	19233
7-9	打下手	dǎxiàshǒu	
7-9	打岔	dǎchà	39851
7-9	打倒	dǎdǎo	7962
7-9	打赌	dǎdǔ	
7-9	打盹儿	dǎdǔnr	1000000
7-9	打发	dǎfa	9551
7-9	打搅	dǎjiǎo	21755
7-9	打捞	dǎlāo	14646
7-9	打量	dǎliang	13398
7-9	打猎	dǎliè	16343
7-9	打磨	dǎmó	21236
7-9	打消	dǎxiāo	
7-9	大不了	dàbuliǎo	8135
7-9	大大咧咧	dàdaliēliē	36835
7-9	大纲	dàgāng	18973
7-9	大公无私	dàgōng-wúsī	48461
7-9	大街小巷	dàjiē-xiǎoxiàng	21134
7-9	大惊小怪	dàjīng-xiǎoguài	16657
7-9	大局	dàjú	8834
7-9	大陆	dàlù	3855
7-9	大名鼎鼎	dàmíng-dǐngdǐng	22163
7-9	大片	dàpiàn	8972
7-9	大气	dàqì	7850
7-9	大数据	dàshùjù	1000000
7-9	大肆	dàsì	11304
7-9	大体	dàtǐ	16631
7-9	大同小异	dàtóng-xiǎoyì	31466
7-9	大为	dàwéi	
7-9	大雁	dàyàn	47811
7-9	大意	dàyi	13433
7-9	大有可为	dàyǒu-kěwéi	34481
7-9	大宗	dàzōng	18180
7-9	逮	dǎi	8420
7-9	歹徒	dǎitú	8043
7-9	逮捕	dàibǔ	3705
7-9	带队	dàiduì	14537
7-9	怠工	dàigōng	54646
7-9	代号	dàihào	10412
7-9	代理人	dàilǐrén	8064
7-9	带路	dàilù	15469
7-9	怠慢	dàimàn	24707
7-9	带头	dàitóu	10484
7-9	代言	dàiyán	
7-9	担	dān	5380
7-9	担保	dānbǎo	4985
7-9	单边	dānbiān	54775
7-9	单薄	dānbó	21499
7-9	担当	dāndāng	11201
7-9	单方面	dānfāngmiàn	19838
7-9	担负	dānfù	16260
7-9	耽搁	dānge	14458
7-9	单价	dānjià	
7-9	单身	dānshēn	2710
7-9	胆量	dǎnliàng	
7-9	胆怯	dǎnqiè	17934
7-9	胆小鬼	dǎnxiǎoguǐ	22942
7-9	诞辰	dànchén	34026
7-9	淡化	dànhuà	21065
7-9	淡季	dànjì	28264
7-9	淡水	dànshuǐ	17985
7-9	但愿	dànyuàn	5713
7-9	担子	dànzi	19039
7-9	当即	dāngjí	20351
7-9	当机立断	dāngjī-lìduàn	
7-9	当日	dāngrì	13746
7-9	当事人	dāngshìrén	3517
7-9	当务之急	dāngwùzhījí	14997
7-9	当心	dāngxīn	9615
7-9	当之无愧	dāngzhīwúkuì	18312
7-9	当众	dāngzhòng	13815
7-9	党	dǎng	2047
7-9	档次	dàngcì	10727
7-9	当晚	dàngwǎn	4902
7-9	荡漾	dàngyàng	24710
7-9	当真	dàngzhēn	7584
7-9	导弹	dǎodàn	3955
7-9	导航	dǎoháng	7522
7-9	导火索	dǎohuǒsuǒ	22497
7-9	捣乱	dǎoluàn	12996
7-9	倒霉	dǎoméi	5252
7-9	倒塌	dǎotā	11092
7-9	导向	dǎoxiàng	15065
7-9	岛屿	dǎoyǔ	13216
7-9	盗	dào	5640
7-9	盗版	dàobǎn	13714
7-9	道别	dàobié	
7-9	稻草	dàocǎo	16234
7-9	倒计时	dàojìshí	10111
7-9	道具	dàojù	7621
7-9	悼念	dàoniàn	14306
7-9	盗窃	dàoqiè	5770
7-9	倒数	dàoshǔ	6083
7-9	到头来	dàotóulái	13609
7-9	倒退	dàotuì	
7-9	到位	dàowèi	5078
7-9	得不偿失	débùchángshī	30150
7-9	德才兼备	décái-jiānbèi	
7-9	得当	dédàng	15462
7-9	得力	délì	14265
7-9	得失	déshī	16732
7-9	得手	déshǒu	13194
7-9	得体	détǐ	14324
7-9	得天独厚	détiāndúhòu	40643
7-9	得心应手	déxīn-yìngshǒu	
7-9	得益	déyì	
7-9	得意扬扬	déyì-yángyáng	164953
7-9	得罪	dézuì	9103
7-9	蹬	dēng	12339
7-9	登场	dēngchǎng	
7-9	登顶	dēngdǐng	
7-9	登陆	dēnglù	4583
7-9	灯泡	dēngpào	11742
7-9	瞪	dèng	7103
7-9	凳子	dèngzi	12912
7-9	堤	dī	9859
7-9	堤坝	dībà	34295
7-9	低调	dīdiào	5045
7-9	提防	dīfang	15445
7-9	低谷	dīgǔ	13927
7-9	低估	dīgū	7942
7-9	低落	dīluò	
7-9	低迷	dīmí	17114
7-9	低下	dīxià	8424
7-9	嘀咕	dígu	
7-9	敌视	díshì	25245
7-9	笛子	dízi	23092
7-9	抵	dǐ	
7-9	底层	dǐcéng	11996
7-9	抵触	dǐchù	17615
7-9	抵挡	dǐdǎng	11051
7-9	底线	dǐxiàn	5683
7-9	抵消	dǐxiāo	16811
7-9	抵押	dǐyā	6429
7-9	抵御	dǐyù	12366
7-9	底蕴	dǐyùn	34522
7-9	抵制	dǐzhì	9083
7-9	底子	dǐzi	26414
7-9	地板	dìbǎn	3788
7-9	地步	dìbù	6037
7-9	地带	dìdài	6317
7-9	地道	dìdào	5958
7-9	地段	dìduàn	13708
7-9	帝国	dìguó	5025
7-9	递交	dìjiāo	11091
7-9	地势	dìshì	26674
7-9	地毯	dìtǎn	6563
7-9	地下水	dìxiàshuǐ	18186
7-9	第一手	dìyīshǒu	21139
7-9	地狱	dìyù	5402
7-9	递增	dìzēng	40644
7-9	弟子	dìzǐ	13971
7-9	颠簸	diānbǒ	15953
7-9	颠倒	diāndǎo	11865
7-9	颠倒黑白	diāndǎo-hēibái	
7-9	巅峰	diānfēng	13050
7-9	颠覆	diānfù	10966
7-9	典范	diǎnfàn	12781
7-9	点火	diǎnhuǒ	11102
7-9	点评	diǎnpíng	11757
7-9	点缀	diǎnzhuì	15531
7-9	点子	diǎnzi	9273
7-9	垫	diàn	5968
7-9	垫底	diàndǐ	14034
7-9	奠定	diàndìng	19177
7-9	淀粉	diànfěn	17407
7-9	惦记	diànjì	13212
7-9	电台	diàntái	5542
7-9	殿堂	diàntáng	17143
7-9	电网	diànwǎng	11688
7-9	电线	diànxiàn	8932
7-9	电信	diànxìn	11442
7-9	电讯	diànxùn	18682
7-9	垫子	diànzi	20740
7-9	叼	diāo	9777
7-9	雕	diāo	10655
7-9	雕刻	diāokè	12877
7-9	刁难	diāonàn	23363
7-9	雕塑	diāosù	7978
7-9	雕像	diāoxiàng	
7-9	凋谢	diāoxiè	
7-9	调	diào	1481
7-9	调度	diàodù	11631
7-9	掉队	diàoduì	31436
7-9	掉头	diàotóu	11345
7-9	吊销	diàoxiāo	14932
7-9	爹	diē	4503
7-9	跌幅	diēfú	
7-9	叠	dié	7389
7-9	碟	dié	
7-9	迭起	diéqǐ	61816
7-9	丁	dīng	3211
7-9	盯	dīng	2464
7-9	叮嘱	dīngzhǔ	23273
7-9	钉子	dīngzi	14639
7-9	顶多	dǐngduō	15420
7-9	顶级	dǐngjí	5572
7-9	顶尖	dǐngjiān	9011
7-9	钉	dìng	5126
7-9	订购	dìnggòu	11102
7-9	定金	dìngjīn	15438
7-9	定居	dìngjū	13309
7-9	订立	dìnglì	26730
7-9	定律	dìnglǜ	
7-9	定论	dìnglùn	13353
7-9	定向	dìngxiàng	14918
7-9	定心丸	dìngxīnwán	38626
7-9	订阅	dìngyuè	
7-9	定做	dìngzuò	14932
7-9	丢脸	diūliǎn	9491
7-9	丢弃	diūqì	12126
7-9	丢人	diūrén	8878
7-9	丢三落四	diūsān-làsì	57241
7-9	东奔西走	dōngbēn-xīzǒu	54249
7-9	东道主	dōngdàozhǔ	35077
7-9	东张西望	dōngzhāng-xīwàng	34585
7-9	董事	dǒngshì	7964
7-9	懂事	dǒngshì	10408
7-9	董事会	dǒngshìhuì	3580
7-9	董事长	dǒngshìzhǎng	10696
7-9	动不动	dòngbudòng	15977
7-9	动荡	dòngdàng	15320
7-9	动感	dònggǎn	11247
7-9	动工	dònggōng	17779
7-9	冻结	dòngjié	8844
7-9	动静	dòngjing	7275
7-9	栋梁	dòngliáng	46500
7-9	动脉	dòngmài	5572
7-9	动身	dòngshēn	15560
7-9	动弹	dòngtan	14882
7-9	动向	dòngxiàng	13442
7-9	洞穴	dòngxué	12289
7-9	动摇	dòngyáo	8871
7-9	动用	dòngyòng	8160
7-9	动员	dòngyuán	10037
7-9	兜	dōu	6727
7-9	兜售	dōushòu	19665
7-9	抖	dǒu	6478
7-9	陡	dǒu	20491
7-9	陡峭	dǒuqiào	28114
7-9	斗	dòu	2960
7-9	逗留	dòuliú	
7-9	斗志	dòuzhì	11589
7-9	豆子	dòuzi	13765
7-9	督促	dūcù	15561
7-9	都会	dūhuì	4120
7-9	独	dú	3635
7-9	独家	dújiā	6451
7-9	毒品	dúpǐn	3565
7-9	独身	dúshēn	23623
7-9	读物	dúwù	
7-9	独一无二	dúyī-wú’èr	8494
7-9	赌	dǔ	2992
7-9	赌博	dǔbó	5072
7-9	堵塞	dǔsè	9777
7-9	杜绝	dùjué	19250
7-9	端正	duānzhèng	16934
7-9	短暂	duǎnzàn	5349
7-9	断定	duàndìng	13050
7-9	断断续续	duànduànxùxù	22968
7-9	断绝	duànjué	13974
7-9	断裂	duànliè	10375
7-9	段落	duànluò	24046
7-9	断然	duànrán	
7-9	断章取义	duànzhāng-qǔyì	
7-9	堆积	duījī	15402
7-9	堆砌	duīqì	36363
7-9	兑	duì	
7-9	对岸	duì’àn	
7-9	对白	duìbái	19070
7-9	对策	duìcè	9719
7-9	对得起	duìdeqǐ	17263
7-9	对付	duìfu	3169
7-9	兑换	duìhuàn	11279
7-9	对联	duìlián	47502
7-9	对流	duìliú	
7-9	对牛弹琴	duìniú-tánqín	
7-9	兑现	duìxiàn	7819
7-9	队形	duìxíng	19755
7-9	对弈	duìyì	43779
7-9	对照	duìzhào	10916
7-9	对症下药	duìzhèng-xiàyào	
7-9	对峙	duìzhì	14325
7-9	敦促	dūncù	23516
7-9	敦厚	dūnhòu	59499
7-9	炖	dùn	6833
7-9	多年来	duōniánlái	5576
7-9	多半	duōbàn	10235
7-9	多边	duōbiān	38438
7-9	哆嗦	duōsuo	23415
7-9	多心	duōxīn	34807
7-9	夺冠	duóguàn	8401
7-9	夺魁	duókuí	39965
7-9	堕落	duòluò	8016
7-9	鹅	é	7741
7-9	额度	édù	
7-9	额外	éwài	6599
7-9	讹诈	ézhà	40387
7-9	恶	è	3536
7-9	噩耗	èhào	
7-9	恶化	èhuà	6138
7-9	恶性	èxìng	11199
7-9	恶意	èyì	6755
7-9	鳄鱼	èyú	10043
7-9	厄运	èyùn	15845
7-9	遏制	èzhì	14933
7-9	恶作剧	èzuòjù	
7-9	恩爱	ēn’ài	
7-9	恩情	ēnqíng	31449
7-9	恩人	ēnrén	21790
7-9	恩怨	ēnyuàn	12053
7-9	而已	éryǐ	1377
7-9	耳光	ěrguāng	10660
7-9	耳目一新	ěrmù-yìxīn	20652
7-9	耳熟能详	ěrshú-néngxiáng	31301
7-9	发财	fācái	9336
7-9	发呆	fādāi	13611
7-9	发抖	fādǒu	10286
7-9	发火	fāhuǒ	10499
7-9	发酵	fājiào	18094
7-9	发觉	fājué	5813
7-9	发掘	fājué	6817
7-9	发愣	fālèng	46817
7-9	发怒	fānù	17138
7-9	发热	fārè	9077
7-9	发射	fāshè	3022
7-9	发誓	fāshì	5986
7-9	发泄	fāxiè	7068
7-9	发芽	fāyá	
7-9	发扬	fāyáng	13862
7-9	发扬光大	fāyáng-guāngdà	26690
7-9	发言人	fāyánrén	6774
7-9	发源	fāyuán	
7-9	发源地	fāyuándì	21846
7-9	发作	fāzuò	5156
7-9	乏力	fálì	
7-9	阀门	fámén	17259
7-9	法人	fǎrén	16184
7-9	法庭	fǎtíng	2329
7-9	法则	fǎzé	
7-9	法制	fǎzhì	12210
7-9	法治	fǎzhì	
7-9	发型	fàxíng	3773
7-9	帆	fān	9231
7-9	帆船	fānchuán	13329
7-9	翻番	fānfān	23388
7-9	翻来覆去	fānlái-fùqù	25055
7-9	翻身	fānshēn	
7-9	翻天覆地	fāntiān-fùdì	22219
7-9	翻新	fānxīn	
7-9	繁多	fánduō	
7-9	繁华	fánhuá	14569
7-9	烦闷	fánmèn	33920
7-9	繁体字	fántǐzì	39543
7-9	繁衍	fányǎn	
7-9	繁杂	fánzá	
7-9	烦躁	fánzào	9700
7-9	繁重	fánzhòng	18136
7-9	反驳	fǎnbó	10845
7-9	反差	fǎnchā	28447
7-9	反常	fǎncháng	13398
7-9	反倒	fǎndào	14186
7-9	反感	fǎngǎn	9598
7-9	返还	fǎnhuán	18090
7-9	反击	fǎnjī	5503
7-9	反抗	fǎnkàng	5287
7-9	反面	fǎnmiàn	14058
7-9	反射	fǎnshè	9837
7-9	反弹	fǎntán	10407
7-9	反问	fǎnwèn	17873
7-9	反响	fǎnxiǎng	11329
7-9	反省	fǎnxǐng	10429
7-9	反之	fǎnzhī	18222
7-9	犯愁	fànchóu	38579
7-9	范畴	fànchóu	12483
7-9	犯规	fànguī	6000
7-9	泛滥	fànlàn	13426
7-9	贩卖	fànmài	9252
7-9	饭碗	fànwǎn	12261
7-9	犯罪	fànzuì	1108
7-9	方向盘	fāngxiàngpán	11228
7-9	方圆	fāngyuán	
7-9	方针	fāngzhēn	10718
7-9	防盗	fángdào	17252
7-9	房地产	fángdìchǎn	3463
7-9	防范	fángfàn	7713
7-9	防护	fánghù	6699
7-9	防火墙	fánghuǒqiáng	13340
7-9	防守	fángshǒu	3740
7-9	防卫	fángwèi	10458
7-9	防汛	fángxùn	1000000
7-9	防疫	fángyì	31623
7-9	防御	fángyù	5137
7-9	仿	fǎng	10541
7-9	仿真	fǎngzhēn	
7-9	仿制	fǎngzhì	22999
7-9	纺织	fǎngzhī	15626
7-9	放过	fàngguò	6937
7-9	放宽	fàngkuān	
7-9	放射	fàngshè	8443
7-9	放水	fàngshuǐ	18677
7-9	放肆	fàngsì	17039
7-9	放映	fàngyìng	10612
7-9	放置	fàngzhì	9015
7-9	放纵	fàngzòng	11175
7-9	非	fēi	949
7-9	飞船	fēichuán	4796
7-9	非但	fēidàn	
7-9	非得	fēiděi	8384
7-9	飞碟	fēidié	
7-9	非法	fēifǎ	2403
7-9	非凡	fēifán	7729
7-9	飞禽走兽	fēiqín-zǒushòu	85592
7-9	绯闻	fēiwén	10416
7-9	飞翔	fēixiáng	9925
7-9	飞跃	fēiyuè	11816
7-9	肥料	féiliào	11710
7-9	肥皂	féizào	10619
7-9	诽谤	fěibàng	14273
7-9	废	fèi	5340
7-9	废除	fèichú	12112
7-9	沸沸扬扬	fèifèiyángyáng	23423
7-9	废话	fèihuà	6470
7-9	费劲	fèijìn	14739
7-9	费力	fèilì	
7-9	废品	fèipǐn	14138
7-9	废弃	fèiqì	
7-9	废寝忘食	fèiqǐn-wàngshí	42829
7-9	沸腾	fèiténg	11120
7-9	废物	fèiwù	7005
7-9	废墟	fèixū	10824
7-9	分辨	fēnbiàn	9367
7-9	分成	fēnchéng	6386
7-9	分寸	fēncun	25716
7-9	分担	fēndān	12501
7-9	分发	fēnfā	
7-9	芬芳	fēnfāng	20812
7-9	吩咐	fēnfù	7516
7-9	分割	fēngē	14451
7-9	分红	fēnhóng	12056
7-9	分化	fēnhuà	13863
7-9	分解	fēnjiě	8050
7-9	分裂	fēnliè	4860
7-9	分泌	fēnmì	8707
7-9	分明	fēnmíng	9781
7-9	分歧	fēnqí	7131
7-9	分支	fēnzhī	10988
7-9	坟	fén	12094
7-9	坟墓	fénmù	10256
7-9	焚烧	fénshāo	14307
7-9	粉末	fěnmò	12853
7-9	粉丝	fěnsī	2568
7-9	粉碎	fěnsuì	8160
7-9	粪	fèn	9130
7-9	粪便	fènbiàn	11814
7-9	份额	fèn’é	11491
7-9	奋力	fènlì	10410
7-9	分量	fènliàng	11274
7-9	分外	fènwài	28084
7-9	奋勇	fènyǒng	23421
7-9	疯	fēng	1448
7-9	风暴	fēngbào	5216
7-9	风波	fēngbō	14123
7-9	风采	fēngcǎi	11129
7-9	风餐露宿	fēngcān-lùsù	51627
7-9	风吹雨打	fēngchuī-yǔdǎ	
7-9	封顶	fēngdǐng	26487
7-9	风度	fēngdù	11221
7-9	风范	fēngfàn	13966
7-9	风和日丽	fēnghé-rìlì	34338
7-9	丰厚	fēnghòu	9038
7-9	峰会	fēnghuì	11462
7-9	峰回路转	fēnghuí-lùzhuǎn	36686
7-9	封建	fēngjiàn	21265
7-9	风景线	fēngjǐngxiàn	
7-9	风浪	fēnglàng	20255
7-9	锋利	fēnglì	13125
7-9	风流	fēngliú	11898
7-9	丰满	fēngmǎn	10502
7-9	风貌	fēngmào	23784
7-9	蜂蜜	fēngmì	6769
7-9	封面	fēngmiàn	5727
7-9	风气	fēngqì	20442
7-9	风情	fēngqíng	7970
7-9	风趣	fēngqù	13057
7-9	风沙	fēngshā	36742
7-9	风尚	fēngshàng	10249
7-9	丰盛	fēngshèng	12952
7-9	风水	fēngshuǐ	15242
7-9	丰硕	fēngshuò	39053
7-9	封锁	fēngsuǒ	5606
7-9	风土人情	fēngtǔ-rénqíng	39323
7-9	风味	fēngwèi	10726
7-9	风云	fēngyún	8577
7-9	风雨无阻	fēngyǔ-wúzǔ	
7-9	风筝	fēngzheng	11824
7-9	疯子	fēngzi	5682
7-9	逢	féng	9707
7-9	缝	féng	4653
7-9	缝合	fénghé	9662
7-9	讽刺	fěngcì	6348
7-9	凤凰	fènghuáng	5578
7-9	凤毛麟角	fèngmáo-línjiǎo	
7-9	佛	fó	3671
7-9	否决	fǒujué	9806
7-9	敷	fū	8453
7-9	孵化	fūhuà	14431
7-9	肤浅	fūqiǎn	
7-9	敷衍	fūyǎn	15754
7-9	扶持	fúchí	10825
7-9	浮动	fúdòng	
7-9	俘获	fúhuò	21258
7-9	浮力	fúlì	38524
7-9	俘虏	fúlǔ	10181
7-9	福气	fúqi	14676
7-9	服气	fúqì	24524
7-9	辐射	fúshè	5061
7-9	服饰	fúshì	7795
7-9	服务器	fúwùqì	5345
7-9	浮现	fúxiàn	11691
7-9	浮躁	fúzào	27975
7-9	腐败	fǔbài	5148
7-9	腐烂	fǔlàn	11803
7-9	抚摸	fǔmō	10274
7-9	腐蚀	fǔshí	10998
7-9	俯视	fǔshì	
7-9	俯首	fǔshǒu	40183
7-9	腐朽	fǔxiǔ	15832
7-9	抚恤	fǔxù	50123
7-9	抚养	fǔyǎng	8358
7-9	斧子	fǔzi	29863
7-9	负	fù	2403
7-9	附	fù	4355
7-9	赴	fù	7281
7-9	腹	fù	
7-9	副本	fùběn	
7-9	复查	fùchá	13076
7-9	附带	fùdài	15212
7-9	复发	fùfā	9826
7-9	富含	fùhán	24113
7-9	富豪	fùháo	12279
7-9	复合	fùhé	7196
7-9	附和	fùhè	26677
7-9	复活	fùhuó	7585
7-9	附加	fùjiā	9946
7-9	富强	fùqiáng	32018
7-9	附属	fùshǔ	11094
7-9	复苏	fùsū	9349
7-9	富翁	fùwēng	9267
7-9	腹泻	fùxiè	13015
7-9	复兴	fùxīng	13050
7-9	复原	fùyuán	12604
7-9	负重	fùzhòng	
7-9	富足	fùzú	25371
7-9	副作用	fùzuòyòng	7428
7-9	改版	gǎibǎn	29989
7-9	改动	gǎidòng	13209
7-9	改观	gǎiguān	
7-9	改良	gǎiliáng	13145
7-9	改日	gǎirì	39207
7-9	改邪归正	gǎixié-guīzhèng	37930
7-9	改装	gǎizhuāng	9297
7-9	钙	gài	8428
7-9	概	gài	
7-9	概况	gàikuàng	31253
7-9	概论	gàilùn	56444
7-9	干戈	gāngē	49154
7-9	干枯	gānkū	
7-9	干涉	gānshè	6285
7-9	甘心	gānxīn	17629
7-9	干预	gānyù	7478
7-9	杆	gǎn	2562
7-9	感触	gǎnchù	16304
7-9	感恩	gǎnēn	6523
7-9	赶赴	gǎnfù	21163
7-9	感慨	gǎnkǎi	19967
7-9	感叹	gǎntàn	16574
7-9	感悟	gǎnwù	
7-9	感性	gǎnxìng	8987
7-9	干部	gànbù	12896
7-9	干劲	gànjìn	14053
7-9	干事	gànshi	18618
7-9	缸	gāng	11543
7-9	纲领	gānglǐng	25287
7-9	钢铁	gāngtiě	6600
7-9	纲要	gāngyào	32270
7-9	港	gǎng	3599
7-9	港湾	gǎngwān	17501
7-9	杠杆	gànggǎn	17014
7-9	高额	gāo’é	14909
7-9	高昂	gāo’áng	14805
7-9	高傲	gāo’ào	14411
7-9	高潮	gāocháo	4649
7-9	高调	gāodiào	18658
7-9	高贵	gāoguì	6767
7-9	高见	gāojiàn	
7-9	高空	gāokōng	11173
7-9	高龄	gāolíng	19274
7-9	高明	gāomíng	9773
7-9	高血压	gāoxuèyā	11570
7-9	高雅	gāoyǎ	11195
7-9	高压	gāoyā	10221
7-9	高涨	gāozhǎng	10570
7-9	搞鬼	gǎoguǐ	35904
7-9	搞笑	gǎoxiào	1000000
7-9	告	gào	3092
7-9	告辞	gàocí	16347
7-9	告诫	gàojiè	12672
7-9	告示	gàoshi	18615
7-9	告知	gàozhī	5005
7-9	告状	gàozhuàng	22767
7-9	搁	gē	13072
7-9	戈壁	gēbì	43072
7-9	疙瘩	gēda	20368
7-9	歌剧	gējù	10730
7-9	搁浅	gēqiǎn	19247
7-9	歌颂	gēsòng	18555
7-9	歌舞	gēwǔ	9676
7-9	歌谣	gēyáo	
7-9	搁置	gēzhì	18213
7-9	鸽子	gēzi	9334
7-9	格格不入	gégé-búrù	21750
7-9	隔阂	géhé	20336
7-9	格局	géjú	15477
7-9	隔离	gélí	5300
7-9	阁楼	gélóu	
7-9	格式	géshi	11622
7-9	革新	géxīn	13372
7-9	格子	gézi	
7-9	个案	gè’àn	18891
7-9	各抒己见	gèshū-jǐjiàn	46742
7-9	个头儿	gètóur	87095
7-9	根基	gēnjī	21199
7-9	跟进	gēnjìn	
7-9	根深蒂固	gēnshēn-dìgù	25542
7-9	根源	gēnyuán	10013
7-9	根治	gēnzhì	22172
7-9	耕	gēng	
7-9	耕地	gēngdì	19605
7-9	更改	gēnggǎi	9840
7-9	更衣室	gēngyīshì	15045
7-9	耕耘	gēngyún	
7-9	更正	gēngzhèng	15240
7-9	哽咽	gěngyè	
7-9	耿直	gěngzhí	54019
7-9	弓	gōng	9187
7-9	功	gōng	5063
7-9	攻	gōng	4153
7-9	供	gōng	2274
7-9	公办	gōngbàn	
7-9	供不应求	gōngbúyìngqiú	23912
7-9	功臣	gōngchén	21834
7-9	公道	gōngdao	10998
7-9	功底	gōngdǐ	26517
7-9	宫殿	gōngdiàn	11395
7-9	攻读	gōngdú	24619
7-9	公费	gōngfèi	25640
7-9	公关	gōngguān	8081
7-9	攻关	gōngguān	46523
7-9	工会	gōnghuì	5950
7-9	工匠	gōngjiàng	
7-9	恭敬	gōngjìng	21818
7-9	攻克	gōngkè	17154
7-9	工科	gōngkē	40069
7-9	公款	gōngkuǎn	11000
7-9	功劳	gōngláo	9813
7-9	公立	gōnglì	17751
7-9	功力	gōnglì	15370
7-9	功利	gōnglì	
7-9	功率	gōnglǜ	15055
7-9	公墓	gōngmù	17129
7-9	供暖	gōngnuǎn	19635
7-9	公仆	gōngpú	21626
7-9	公顷	gōngqǐng	20731
7-9	供求	gōngqiú	23788
7-9	公然	gōngrán	12264
7-9	公示	gōngshì	1000000
7-9	公式	gōngshì	10474
7-9	公事	gōngshì	18399
7-9	攻势	gōngshì	
7-9	宫廷	gōngtíng	15026
7-9	恭维	gōngwéi	14955
7-9	公务	gōngwù	8888
7-9	供需	gōngxū	
7-9	供养	gōngyǎng	
7-9	供应链	gōngyìngliàn	
7-9	公用	gōngyòng	16875
7-9	公约	gōngyuē	14016
7-9	公证	gōngzhèng	16782
7-9	工整	gōngzhěng	37070
7-9	公职	gōngzhí	21674
7-9	拱	gǒng	13579
7-9	供奉	gòngfèng	23678
7-9	共和国	gònghéguó	6012
7-9	共鸣	gòngmíng	11154
7-9	共识	gòngshí	6425
7-9	共同体	gòngtóngtǐ	25376
7-9	共性	gòngxìng	23643
7-9	勾	gōu	6157
7-9	钩	gōu	5639
7-9	勾结	gōujié	15011
7-9	勾勒	gōulè	
7-9	构建	gòujiàn	12897
7-9	够呛	gòuqiàng	21389
7-9	构思	gòusī	11513
7-9	构想	gòuxiǎng	14061
7-9	孤单	gūdān	3459
7-9	孤儿	gū’ér	4797
7-9	辜负	gūfù	11000
7-9	孤立	gūlì	9536
7-9	孤零零	gūlínglíng	22095
7-9	孤陋寡闻	gūlòu-guǎwén	44513
7-9	姑且	gūqiě	24572
7-9	估算	gūsuàn	14723
7-9	股	gǔ	1720
7-9	鼓动	gǔdòng	18489
7-9	古董	gǔdǒng	10388
7-9	股东	gǔdōng	5090
7-9	股份	gǔfèn	5040
7-9	骨干	gǔgàn	19116
7-9	骨骼	gǔgé	
7-9	古怪	gǔguài	7231
7-9	古籍	gǔjí	
7-9	骨架	gǔjià	
7-9	古今中外	gǔjīn-zhōngwài	28984
7-9	股民	gǔmín	29691
7-9	古朴	gǔpǔ	32851
7-9	骨气	gǔqì	24898
7-9	谷物	gǔwù	
7-9	骨折	gǔzhé	4712
7-9	故	gù	6035
7-9	雇	gù	6583
7-9	固化	gùhuà	
7-9	顾及	gùjí	13733
7-9	顾虑	gùlǜ	10038
7-9	顾名思义	gùmíng-sīyì	
7-9	顾全大局	gùquán-dàjú	40823
7-9	固然	gùrán	15998
7-9	雇佣	gùyōng	8415
7-9	固有	gùyǒu	19015
7-9	雇员	gùyuán	8582
7-9	固执	gùzhi	8209
7-9	雇主	gùzhǔ	10785
7-9	瓜分	guāfēn	26284
7-9	刮目相看	guāmù-xiāngkàn	
7-9	瓜子	guāzǐ	22538
7-9	寡妇	guǎfu	14083
7-9	挂钩	guàgōu	26160
7-9	挂念	guàniàn	18676
7-9	挂失	guàshī	34670
7-9	乖	guāi	3704
7-9	乖巧	guāiqiǎo	23913
7-9	拐杖	guǎizhàng	16022
7-9	怪不得	guàibude	7596
7-9	怪物	guàiwu	4575
7-9	怪异	guàiyì	7869
7-9	官兵	guānbīng	16987
7-9	棺材	guāncai	10179
7-9	观测	guāncè	13587
7-9	观感	guāngǎn	39081
7-9	关节	guānjié	7040
7-9	官吏	guānlì	32971
7-9	官僚	guānliáo	14727
7-9	观摩	guānmó	15453
7-9	关切	guānqiè	
7-9	关税	guānshuì	19564
7-9	官司	guānsi	6507
7-9	关头	guāntóu	13674
7-9	观望	guānwàng	12670
7-9	关照	guānzhào	10368
7-9	管家	guǎnjiā	9643
7-9	管教	guǎnjiào	16412
7-9	管辖	guǎnxiá	10255
7-9	管用	guǎnyòng	10227
7-9	惯	guàn	9132
7-9	灌	guàn	5446
7-9	贯彻	guànchè	13977
7-9	贯穿	guànchuān	11561
7-9	灌溉	guàngài	15731
7-9	惯例	guànlì	8670
7-9	灌输	guànshū	14201
7-9	贯通	guàntōng	30186
7-9	罐头	guàntou	11202
7-9	惯性	guànxìng	18045
7-9	光彩	guāngcǎi	8814
7-9	光顾	guānggù	11909
7-9	光滑	guānghuá	10277
7-9	光环	guānghuán	14765
7-9	光辉	guānghuī	8415
7-9	光缆	guānglǎn	29769
7-9	光芒	guāngmáng	6593
7-9	光明磊落	guāngmíng-lěiluò	35648
7-9	光盘	guāngpán	14628
7-9	光荣	guāngróng	5045
7-9	光泽	guāngzé	13825
7-9	广义	guǎngyì	28194
7-9	龟	guī	8289
7-9	瑰宝	guībǎo	35933
7-9	规格	guīgé	11568
7-9	归根到底	guīgēn-dàodǐ	25289
7-9	归结	guījié	15733
7-9	归来	guīlái	7455
7-9	归纳	guīnà	24633
7-9	闺女	guīnü	19654
7-9	归属	guīshǔ	11242
7-9	归宿	guīsù	12905
7-9	归于	guīyú	
7-9	规章	guīzhāng	10192
7-9	鬼	guǐ	1498
7-9	轨迹	guǐjì	10947
7-9	诡计	guǐjì	
7-9	贵宾	guìbīn	9377
7-9	桂花	guìhuā	50762
7-9	柜台	guìtái	7498
7-9	贵族	guìzú	6166
7-9	滚动	gǔndòng	14040
7-9	国防	guófáng	7990
7-9	国徽	guóhuī	39944
7-9	国民	guómín	6147
7-9	国土	guótǔ	5700
7-9	国务院	guówùyuàn	6472
7-9	国学	guóxué	46996
7-9	国有	guóyǒu	15059
7-9	裹	guǒ	7241
7-9	果断	guǒduàn	10641
7-9	果真	guǒzhēn	13875
7-9	过意不去	guòyìbúqù	26199
7-9	过半	guòbàn	22772
7-9	过不去	guòbuqù	9461
7-9	过错	guòcuò	8293
7-9	过道	guòdào	15454
7-9	过关	guòguān	12355
7-9	过奖	guòjiǎng	41281
7-9	过境	guòjìng	20011
7-9	过量	guòliàng	
7-9	过滤	guòlǜ	9885
7-9	过剩	guòshèng	13207
7-9	过失	guòshī	10955
7-9	过头	guòtóu	9276
7-9	过往	guòwǎng	10449
7-9	过问	guòwèn	16732
7-9	过瘾	guòyǐn	11648
7-9	过硬	guòyìng	24705
7-9	海报	hǎibào	7144
7-9	海滨	hǎibīn	10973
7-9	海盗	hǎidào	7054
7-9	海军	hǎijūn	3234
7-9	海量	hǎiliàng	29897
7-9	海绵	hǎimián	11514
7-9	海滩	hǎitān	6593
7-9	海豚	hǎitún	
7-9	海湾	hǎiwān	9432
7-9	海峡	hǎixiá	11906
7-9	海啸	hǎixiào	13352
7-9	海运	hǎiyùn	26466
7-9	海藻	hǎizǎo	21822
7-9	害虫	hàichóng	16355
7-9	骇人听闻	hàiréntīngwén	28491
7-9	酣畅	hānchàng	73010
7-9	憨厚	hānhòu	
7-9	酣睡	hānshuì	47346
7-9	函	hán	
7-9	寒带	hándài	
7-9	涵盖	hángài	17034
7-9	含糊	hánhu	15873
7-9	含蓄	hánxù	19178
7-9	寒暄	hánxuān	23133
7-9	汉服	Hànfú	
7-9	汗马功劳	hànmǎ-gōngláo	
7-9	捍卫	hànwèi	11101
7-9	夯实	hāngshí	
7-9	航海	hánghǎi	12200
7-9	行家	hángjia	15474
7-9	行列	hángliè	8922
7-9	行情	hángqíng	10951
7-9	航天	hángtiān	9515
7-9	航天员	hángtiānyuán	23387
7-9	航行	hángxíng	9542
7-9	航运	hángyùn	18229
7-9	豪华	háohuá	3618
7-9	豪迈	háomài	32272
7-9	好比	hǎobǐ	8720
7-9	好歹	hǎodǎi	12195
7-9	好受	hǎoshòu	
7-9	好说	hǎoshuō	9718
7-9	好似	hǎosì	14122
7-9	好心	hǎoxīn	8723
7-9	好意	hǎoyì	13819
7-9	好在	hǎozài	14400
7-9	耗	hào	7391
7-9	号称	hàochēng	12869
7-9	耗费	hàofèi	14666
7-9	浩瀚	hàohàn	
7-9	浩劫	hàojié	24002
7-9	好胜	hàoshèng	
7-9	耗时	hàoshí	25298
7-9	呵	hē	5230
7-9	呵护	hēhù	13381
7-9	何	hé	
7-9	和	hé	19
7-9	核	hé	3233
7-9	和蔼	hé’ǎi	18111
7-9	何必	hébì	6418
7-9	核查	héchá	
7-9	合唱	héchàng	11816
7-9	何等	héděng	
7-9	核电站	hédiànzhàn	17531
7-9	核对	héduì	12081
7-9	和好	héhǎo	
7-9	合乎	héhū	15544
7-9	荷花	héhuā	37141
7-9	合伙	héhuǒ	11139
7-9	合计	héjì	16414
7-9	和解	héjiě	8297
7-9	何苦	hékǔ	22438
7-9	何况	hékuàng	7062
7-9	禾苗	hémiáo	43232
7-9	和睦	hémù	15353
7-9	核能	hénéng	16681
7-9	河畔	hépàn	21001
7-9	和平共处	hépínggòngchǔ	21788
7-9	和气	héqi	21572
7-9	和尚	héshang	7896
7-9	核实	héshí	9308
7-9	核桃	hétao	11751
7-9	核武器	héwǔqì	8000
7-9	合约	héyuē	3962
7-9	何止	hézhǐ	
7-9	合资	hézī	22291
7-9	喝彩	hècǎi	11597
7-9	贺电	hèdiàn	38140
7-9	鹤立鸡群	hèlìjīqún	36715
7-9	赫然	hèrán	27483
7-9	贺信	hèxìn	62722
7-9	黑客	hēikè	8262
7-9	黑马	hēimǎ	14789
7-9	黑名单	hēimíngdān	
7-9	恨不得	hènbude	11273
7-9	哼	hēng	2732
7-9	横	héng	5014
7-9	横向	héngxiàng	14387
7-9	恒星	héngxīng	
7-9	轰	hōng	6668
7-9	烘	hōng	18172
7-9	烘焙	hōngbèi	
7-9	轰动	hōngdòng	9626
7-9	烘干	hōnggān	18403
7-9	哄堂大笑	hōngtáng-dàxiào	43850
7-9	烘托	hōngtuō	38737
7-9	轰炸	hōngzhà	8976
7-9	宏观	hóngguān	22460
7-9	红火	hónghuo	19299
7-9	红利	hónglì	
7-9	洪亮	hóngliàng	36631
7-9	红扑扑	hóngpūpū	61564
7-9	红润	hóngrùn	24863
7-9	红薯	hóngshǔ	26326
7-9	宏伟	hóngwěi	13202
7-9	弘扬	hóngyáng	35386
7-9	哄	hǒng	6776
7-9	喉咙	hóulóng	5935
7-9	吼	hǒu	3491
7-9	后备	hòubèi	7692
7-9	后备箱	hòubèixiāng	1000000
7-9	厚道	hòudao	14386
7-9	后盾	hòudùn	18244
7-9	后顾之忧	hòugùzhīyōu	25479
7-9	后勤	hòuqín	12965
7-9	后世	hòushì	
7-9	后台	hòutái	7924
7-9	后续	hòuxù	11030
7-9	候选人	hòuxuǎnrén	4996
7-9	后裔	hòuyì	16471
7-9	后遗症	hòuyízhèng	15852
7-9	呼	hū	
7-9	呼唤	hūhuàn	8997
7-9	呼救	hūjiù	17198
7-9	忽冷忽热	hūlěng-hūrè	
7-9	呼声	hūshēng	14141
7-9	呼啸	hūxiào	19025
7-9	呼应	hūyìng	28524
7-9	忽悠	hūyou	10450
7-9	呼吁	hūyù	8013
7-9	糊	hú	9351
7-9	狐狸	húli	
7-9	胡乱	húluàn	13451
7-9	胡闹	húnào	14691
7-9	湖泊	húpō	18372
7-9	胡说	húshuō	10010
7-9	胡思乱想	húsī-luànxiǎng	14791
7-9	糊涂	hútu	6397
7-9	护	hù	2909
7-9	互补	hùbǔ	16940
7-9	护理	hùlǐ	4882
7-9	花瓣	huābàn	13753
7-9	花卉	huāhuì	17806
7-9	花蕾	huālěi	
7-9	花纹	huāwén	14786
7-9	花样	huāyàng	6638
7-9	划不来	huábulái	
7-9	划得来	huádelái	
7-9	滑稽	huájī	10569
7-9	华丽	huálì	6294
7-9	华侨	huáqiáo	40806
7-9	哗然	huárán	33564
7-9	华人	huárén	14189
7-9	划算	huásuàn	12808
7-9	滑梯	huátī	31034
7-9	华裔	huáyì	23110
7-9	画册	huàcè	22582
7-9	化肥	huàféi	19371
7-9	化解	huàjiě	12188
7-9	画龙点睛	huàlóng-diǎnjīng	46401
7-9	化身	huàshēn	10558
7-9	画蛇添足	huàshé-tiānzú	47111
7-9	划时代	huàshídài	32601
7-9	化险为夷	huàxiǎnwéiyí	35462
7-9	化验	huàyàn	9962
7-9	话语	huàyǔ	7946
7-9	怀抱	huáibào	9613
7-9	怀旧	huáijiù	11833
7-9	槐树	huáishù	61916
7-9	欢呼	huānhū	6063
7-9	欢聚	huānjù	31178
7-9	欢快	huānkuài	12547
7-9	欢声笑语	huānshēng-xiàoyǔ	28045
7-9	环比	huánbǐ	
7-9	环球	huánqiú	6667
7-9	环绕	huánrào	10875
7-9	缓	huǎn	7310
7-9	缓和	huǎnhé	12437
7-9	焕发	huànfā	21881
7-9	幻觉	huànjué	9883
7-9	唤起	huànqǐ	15352
7-9	换取	huànqǔ	10449
7-9	焕然一新	huànrán-yìxīn	
7-9	唤醒	huànxǐng	
7-9	幻影	huànyǐng	16031
7-9	荒	huāng	14965
7-9	慌	huāng	6401
7-9	荒诞	huāngdàn	20491
7-9	荒凉	huāngliáng	19554
7-9	慌乱	huāngluàn	15359
7-9	慌忙	huāngmáng	29421
7-9	荒谬	huāngmiù	10598
7-9	荒唐	huāngtáng	8672
7-9	慌张	huāngzhāng	15404
7-9	皇宫	huánggōng	12458
7-9	皇后	huánghòu	5870
7-9	黄昏	huánghūn	12318
7-9	皇上	huángshang	10429
7-9	皇室	huángshì	11898
7-9	晃	huǎng	5102
7-9	谎话	huǎnghuà	15885
7-9	恍然大悟	huǎngrán-dàwù	24790
7-9	谎言	huǎngyán	5015
7-9	晃荡	huàngdang	27257
7-9	辉煌	huīhuáng	6514
7-9	挥霍	huīhuò	12889
7-9	挥舞	huīwǔ	
7-9	回避	huíbì	6113
7-9	回归	huíguī	3970
7-9	回合	huíhé	
7-9	回馈	huíkuì	10605
7-9	回落	huíluò	32453
7-9	回升	huíshēng	17568
7-9	回首	huíshǒu	13271
7-9	回味	huíwèi	14491
7-9	回想	huíxiǎng	6783
7-9	回忆录	huíyìlù	19388
7-9	回应	huíyìng	4686
7-9	毁	huǐ	2932
7-9	悔恨	huǐhèn	16897
7-9	毁坏	huǐhuài	13437
7-9	毁灭	huǐmiè	6217
7-9	会场	huìchǎng	9918
7-9	汇合	huìhé	17160
7-9	汇集	huìjí	16093
7-9	汇聚	huìjù	15129
7-9	贿赂	huìlù	5584
7-9	会面	huìmiàn	7646
7-9	绘声绘色	huìshēng-huìsè	52623
7-9	会谈	huìtán	6237
7-9	会晤	huìwù	13440
7-9	会意	huìyì	41491
7-9	会诊	huìzhěn	15904
7-9	绘制	huìzhì	
7-9	昏	hūn	8168
7-9	荤	hūn	
7-9	昏迷	hūnmí	6505
7-9	婚纱	hūnshā	6002
7-9	浑身	húnshēn	5116
7-9	混淆	hùnxiáo	13106
7-9	混浊	hùnzhuó	34085
7-9	豁	huō	31567
7-9	豁出去	huōchuqu	21778
7-9	活该	huógāi	11001
7-9	活期	huóqī	42583
7-9	火爆	huǒbào	
7-9	火候	huǒhou	22245
7-9	火花	huǒhuā	9503
7-9	火箭	huǒjiàn	3215
7-9	火炬	huǒjù	6541
7-9	火辣辣	huǒlàlà	27799
7-9	火热	huǒrè	9839
7-9	火山	huǒshān	10871
7-9	伙食	huǒshí	18184
7-9	火速	huǒsù	18971
7-9	火腿	huǒtuǐ	10075
7-9	火焰	huǒyàn	6741
7-9	豁达	huòdá	33799
7-9	或多或少	huòduō-huòshǎo	16166
7-9	祸害	huòhai	18243
7-9	获悉	huòxī	9773
7-9	货运	huòyùn	10749
7-9	积	jī	6313
7-9	基本功	jīběngōng	23233
7-9	机舱	jīcāng	19118
7-9	基层	jīcéng	15719
7-9	激荡	jīdàng	
7-9	积淀	jīdiàn	41903
7-9	机动	jīdòng	9881
7-9	肌肤	jīfū	7819
7-9	机关	jīguān	3970
7-9	激光	jīguāng	6471
7-9	激化	jīhuà	23722
7-9	激活	jīhuó	6647
7-9	基建	jījiàn	
7-9	基金会	jījīnhuì	
7-9	机灵	jīling	16909
7-9	机密	jīmì	7153
7-9	激起	jīqǐ	10351
7-9	激素	jīsù	7000
7-9	讥笑	jīxiào	31406
7-9	畸形	jīxíng	9330
7-9	积蓄	jīxù	10253
7-9	基于	jīyú	3684
7-9	积攒	jīzǎn	
7-9	激增	jīzēng	
7-9	机智	jīzhì	15602
7-9	基准	jīzhǔn	18513
7-9	即	jí	1528
7-9	级别	jíbié	4736
7-9	急促	jícù	
7-9	极度	jídù	5833
7-9	嫉妒	jídù	4056
7-9	急功近利	jígōng-jìnlì	26592
7-9	籍贯	jíguàn	37051
7-9	集会	jíhuì	7482
7-9	急剧	jíjù	13117
7-9	即可	jíkě	8510
7-9	吉利	jílì	10800
7-9	极力	jílì	11081
7-9	急迫	jípò	29873
7-9	汲取	jíqǔ	
7-9	即日	jírì	
7-9	即时	jíshí	
7-9	集市	jíshì	
7-9	棘手	jíshǒu	11249
7-9	集思广益	jísī-guǎngyì	
7-9	吉他	jítā	6172
7-9	极限	jíxiàn	6343
7-9	吉祥物	jíxiángwù	12347
7-9	急性	jíxìng	8564
7-9	急于	jíyú	11107
7-9	急于求成	jíyú-qiúchéng	41579
7-9	急躁	jízào	16250
7-9	及早	jízǎo	20217
7-9	急中生智	jízhōng-shēngzhì	
7-9	集装箱	jízhuāngxiāng	9507
7-9	集资	jízī	17748
7-9	脊梁	jǐliáng	28720
7-9	挤压	jǐyā	13189
7-9	计	jì	2925
7-9	忌	jì	14072
7-9	剂	jì	2773
7-9	继	jì	5916
7-9	祭	jì	6789
7-9	暨	jì	
7-9	继而	jì’ér	19956
7-9	计策	jìcè	28994
7-9	祭奠	jìdiàn	24155
7-9	忌妒	jìdu	
7-9	继父	jìfù	21872
7-9	记号	jìhao	16561
7-9	忌讳	jìhuì	22458
7-9	计较	jìjiào	9225
7-9	寂静	jìjìng	11346
7-9	忌口	jìkǒu	52918
7-9	剂量	jìliàng	
7-9	继母	jìmǔ	23153
7-9	纪念碑	jìniànbēi	14440
7-9	纪实	jìshí	22660
7-9	祭祀	jìsì	16755
7-9	寄托	jìtuō	11727
7-9	迹象	jìxiàng	4065
7-9	绩效	jìxiào	
7-9	记性	jìxing	14607
7-9	纪要	jìyào	44018
7-9	记忆犹新	jìyì-yóuxīn	20223
7-9	家伙	jiāhuo	1757
7-9	家教	jiājiào	10935
7-9	佳节	jiājié	26246
7-9	加紧	jiājǐn	13311
7-9	家境	jiājìng	29399
7-9	加盟	jiāméng	13920
7-9	嘉年华	jiāniánhuá	12476
7-9	家禽	jiāqín	15547
7-9	家世	jiāshì	
7-9	佳肴	jiāyáo	23853
7-9	家用	jiāyòng	15677
7-9	家喻户晓	jiāyù-hùxiǎo	19921
7-9	夹杂	jiāzá	19874
7-9	家政	jiāzhèng	14688
7-9	加之	jiāzhī	
7-9	夹子	jiāzi	19836
7-9	家族	jiāzú	2672
7-9	假定	jiǎdìng	12020
7-9	假冒	jiǎmào	11160
7-9	假使	jiǎshǐ	36984
7-9	假装	jiǎzhuāng	4610
7-9	驾	jià	4390
7-9	架势	jiàshi	16551
7-9	价位	jiàwèi	15123
7-9	驾驭	jiàyù	11150
7-9	价值观	jiàzhíguān	9179
7-9	嫁妆	jiàzhuang	26214
7-9	架子	jiàzi	9412
7-9	兼	jiān	4083
7-9	煎	jiān	5908
7-9	煎熬	jiān’áo	
7-9	监察	jiānchá	10495
7-9	尖端	jiānduān	16490
7-9	肩负	jiānfù	14435
7-9	兼顾	jiāngù	13197
7-9	监管	jiānguǎn	4931
7-9	坚果	jiānguǒ	
7-9	监护	jiānhù	10041
7-9	艰巨	jiānjù	11441
7-9	监控	jiānkòng	3339
7-9	歼灭	jiānmiè	16884
7-9	坚韧	jiānrèn	17246
7-9	兼任	jiānrèn	25167
7-9	兼容	jiānróng	18105
7-9	尖锐	jiānruì	11251
7-9	坚实	jiānshí	12299
7-9	监视	jiānshì	4951
7-9	坚守	jiānshǒu	9224
7-9	艰险	jiānxiǎn	30408
7-9	坚信	jiānxìn	6704
7-9	监狱	jiānyù	3445
7-9	奸诈	jiānzhà	31529
7-9	拣	jiǎn	11089
7-9	剪彩	jiǎncǎi	27750
7-9	检察	jiǎnchá	13539
7-9	简称	jiǎnchēng	7065
7-9	简短	jiǎnduǎn	10248
7-9	减负	jiǎnfù	
7-9	剪辑	jiǎnjí	
7-9	简洁	jiǎnjié	11301
7-9	简练	jiǎnliàn	
7-9	简陋	jiǎnlòu	15698
7-9	减免	jiǎnmiǎn	20109
7-9	检讨	jiǎntǎo	19301
7-9	简体字	jiǎntǐzì	57431
7-9	减退	jiǎntuì	
7-9	简要	jiǎnyào	17452
7-9	简易	jiǎnyì	13519
7-9	贱	jiàn	4078
7-9	溅	jiàn	9742
7-9	鉴别	jiànbié	10434
7-9	间谍	jiàndié	5886
7-9	间断	jiànduàn	12754
7-9	见多识广	jiànduō-shíguǎng	36443
7-9	见解	jiànjiě	11050
7-9	见利忘义	jiànlì-wàngyì	
7-9	健美	jiànměi	19121
7-9	见仁见智	jiànrén-jiànzhì	46725
7-9	鉴赏	jiànshǎng	26154
7-9	见识	jiànshi	5520
7-9	建树	jiànshù	29803
7-9	践踏	jiàntà	14692
7-9	见外	jiànwài	33911
7-9	见闻	jiànwén	36267
7-9	间隙	jiànxì	16253
7-9	见效	jiànxiào	17312
7-9	间歇	jiànxiē	
7-9	见义勇为	jiànyì-yǒngwéi	22262
7-9	鉴于	jiànyú	5159
7-9	见证	jiànzhèng	5635
7-9	健壮	jiànzhuàng	16844
7-9	姜	jiāng	5083
7-9	僵	jiāng	12528
7-9	僵化	jiānghuà	30898
7-9	将就	jiāngjiu	
7-9	僵局	jiāngjú	14913
7-9	江山	jiāngshān	
7-9	僵硬	jiāngyìng	10691
7-9	桨	jiǎng	14235
7-9	奖杯	jiǎngbēi	9053
7-9	讲理	jiǎnglǐ	
7-9	奖赏	jiǎngshǎng	18337
7-9	奖项	jiǎngxiàng	10933
7-9	降临	jiànglín	5789
7-9	焦	jiāo	4965
7-9	交叉	jiāochā	5532
7-9	交代	jiāodài	6862
7-9	交锋	jiāofēng	14884
7-9	交付	jiāofù	12326
7-9	娇惯	jiāoguàn	48851
7-9	交互	jiāohù	
7-9	交集	jiāojí	16337
7-9	焦急	jiāojí	13443
7-9	交界	jiāojiè	18485
7-9	交接	jiāojiē	14661
7-9	交纳	jiāonà	22744
7-9	胶囊	jiāonáng	13025
7-9	娇气	jiāoqì	38277
7-9	交情	jiāoqing	16213
7-9	交涉	jiāoshè	13121
7-9	礁石	jiāoshí	25109
7-9	交替	jiāotì	15079
7-9	交头接耳	jiāotóu-jiē’ěr	42113
7-9	交响乐	jiāoxiǎngyuè	22508
7-9	郊游	jiāoyóu	28410
7-9	焦躁	jiāozào	20658
7-9	交织	jiāozhī	
7-9	嚼	jiáo	8347
7-9	绞	jiǎo	12700
7-9	搅	jiǎo	6330
7-9	缴	jiǎo	9307
7-9	搅拌	jiǎobàn	10963
7-9	狡猾	jiǎohuá	10112
7-9	缴纳	jiǎonà	18554
7-9	脚踏实地	jiǎotāshídì	
7-9	侥幸	jiǎoxìng	
7-9	矫正	jiǎozhèng	12817
7-9	叫板	jiàobǎn	27620
7-9	轿车	jiàochē	3733
7-9	叫好	jiàohǎo	18648
7-9	较劲	jiàojìn	21666
7-9	教科书	jiàokēshū	13123
7-9	较量	jiàoliàng	8379
7-9	教条	jiàotiáo	27332
7-9	教养	jiàoyǎng	15158
7-9	皆	jiē	3500
7-9	揭	jiē	10146
7-9	接二连三	jiē’èr-liánsān	23620
7-9	接班	jiēbān	28231
7-9	接班人	jiēbānrén	16009
7-9	阶层	jiēcéng	9906
7-9	皆大欢喜	jiēdàhuānxǐ	
7-9	揭发	jiēfā	11061
7-9	街坊	jiēfang	
7-9	接轨	jiēguǐ	29120
7-9	阶级	jiējí	8484
7-9	接济	jiējì	44649
7-9	接见	jiējiàn	13357
7-9	接力	jiēlì	15869
7-9	揭露	jiēlù	7499
7-9	接纳	jiēnà	11240
7-9	揭示	jiēshì	10319
7-9	接手	jiēshǒu	8509
7-9	接替	jiētì	11387
7-9	阶梯	jiētī	17459
7-9	揭晓	jiēxiǎo	5983
7-9	劫	jié	4931
7-9	截	jié	5791
7-9	洁白	jiébái	
7-9	劫持	jiéchí	9973
7-9	节俭	jiéjiǎn	23719
7-9	洁净	jiéjìng	16213
7-9	捷径	jiéjìng	
7-9	结晶	jiéjīng	12467
7-9	竭尽全力	jiéjìn-quánlì	14314
7-9	结局	jiéjú	3249
7-9	竭力	jiélì	13654
7-9	节气	jiéqì	58511
7-9	截然不同	jiérán-bùtóng	12240
7-9	结识	jiéshí	12861
7-9	结算	jiésuàn	11617
7-9	节衣缩食	jiéyī-suōshí	63111
7-9	节制	jiézhì	
7-9	解除	jiěchú	4352
7-9	解雇	jiěgù	11919
7-9	解救	jiějiù	8020
7-9	解渴	jiěkě	
7-9	解剖	jiěpōu	7964
7-9	解散	jiěsàn	8300
7-9	解体	jiětǐ	16739
7-9	解脱	jiětuō	7653
7-9	解围	jiěwéi	18501
7-9	解析	jiěxī	18722
7-9	解约	jiěyuē	
7-9	戒	jiè	3905
7-9	界	jiè	3027
7-9	戒备	jièbèi	12438
7-9	界定	jièdìng	16108
7-9	借口	jièkǒu	4172
7-9	介入	jièrù	5032
7-9	届时	jièshí	9764
7-9	借条	jiètiáo	33973
7-9	界限	jièxiàn	8187
7-9	界线	jièxiàn	18105
7-9	介意	jièyì	7210
7-9	借用	jièyòng	9393
7-9	介于	jièyú	16902
7-9	筋	jīn	9458
7-9	禁不住	jīnbuzhù	16061
7-9	津津有味	jīnjīn-yǒuwèi	38595
7-9	紧凑	jǐncòu	17071
7-9	紧迫	jǐnpò	11558
7-9	锦旗	jǐnqí	38385
7-9	紧缺	jǐnquē	22336
7-9	锦上添花	jǐnshàng-tiānhuā	
7-9	紧缩	jǐnsuō	21833
7-9	尽早	jǐnzǎo	10915
7-9	劲	jìn	
7-9	进程	jìnchéng	5615
7-9	进攻	jìngōng	2382
7-9	晋级	jìnjí	
7-9	禁忌	jìnjì	13229
7-9	进军	jìnjūn	
7-9	浸泡	jìnpào	14872
7-9	尽情	jìnqíng	5132
7-9	进取	jìnqǔ	
7-9	禁区	jìnqū	9156
7-9	晋升	jìnshēng	12778
7-9	尽头	jìntóu	6910
7-9	劲头	jìntóu	23123
7-9	进修	jìnxiū	17658
7-9	茎	jīng	18899
7-9	经	jīng	1410
7-9	精	jīng	2931
7-9	鲸	jīng	
7-9	精彩纷呈	jīngcǎi-fēnchéng	
7-9	精打细算	jīngdǎ-xìsuàn	31904
7-9	惊动	jīngdòng	16243
7-9	经度	jīngdù	42656
7-9	精度	jīngdù	
7-9	经费	jīngfèi	6893
7-9	精华	jīnghuá	9834
7-9	惊慌	jīnghuāng	11695
7-9	惊慌失措	jīnghuāng-shīcuò	20000
7-9	荆棘	jīngjí	20954
7-9	精简	jīngjiǎn	18207
7-9	兢兢业业	jīngjīngyèyè	27396
7-9	经久不息	jīngjiǔ-bùxī	56997
7-9	精练	jīngliàn	46444
7-9	经贸	jīngmào	47846
7-9	精密	jīngmì	12720
7-9	精妙	jīngmiào	23856
7-9	精明	jīngmíng	10568
7-9	精疲力竭	jīngpí-lìjié	27998
7-9	精品	jīngpǐn	13787
7-9	惊奇	jīngqí	7880
7-9	精巧	jīngqiǎo	
7-9	精神	jīngshén	640
7-9	精神病	jīngshénbìng	7889
7-9	经受	jīngshòu	8497
7-9	精髓	jīngsuǐ	13207
7-9	惊叹	jīngtàn	10679
7-9	惊天动地	jīngtiān-dòngdì	22897
7-9	精细	jīngxì	15469
7-9	惊吓	jīngxià	
7-9	惊险	jīngxiǎn	13115
7-9	惊心动魄	jīngxīn-dòngpò	21494
7-9	晶莹	jīngyíng	28494
7-9	精英	jīngyīng	5964
7-9	精益求精	jīngyìqiújīng	36451
7-9	精湛	jīngzhàn	
7-9	警报	jǐngbào	
7-9	井底之蛙	jǐngdǐzhīwā	
7-9	警戒	jǐngjiè	
7-9	警犬	jǐngquǎn	
7-9	警示	jǐngshì	
7-9	警惕	jǐngtì	5785
7-9	警钟	jǐngzhōng	18522
7-9	竟	jìng	3252
7-9	敬	jìng	4642
7-9	敬爱	jìng’ài	15514
7-9	敬而远之	jìng’éryuǎnzhī	37994
7-9	境地	jìngdì	9085
7-9	净化	jìnghuà	8582
7-9	竞技	jìngjì	9356
7-9	境界	jìngjiè	8138
7-9	敬礼	jìnglǐ	14222
7-9	境内	jìngnèi	8802
7-9	敬佩	jìngpèi	12979
7-9	敬请	jìngqǐng	11173
7-9	境外	jìngwài	24563
7-9	敬畏	jìngwèi	
7-9	竞相	jìngxiāng	32224
7-9	竞选	jìngxuǎn	5211
7-9	敬业	jìngyè	13398
7-9	敬意	jìngyì	10768
7-9	境遇	jìngyù	20467
7-9	径直	jìngzhí	
7-9	静止	jìngzhǐ	13574
7-9	敬重	jìngzhòng	18242
7-9	窘迫	jiǒngpò	21280
7-9	揪	jiū	9394
7-9	纠缠	jiūchán	7142
7-9	酒楼	jiǔlóu	28158
7-9	久违	jiǔwéi	20391
7-9	久仰	jiǔyǎng	30424
7-9	就餐	jiùcān	20128
7-9	就此	jiùcǐ	
7-9	就地	jiùdì	17889
7-9	救济	jiùjì	9347
7-9	就近	jiùjìn	22192
7-9	就任	jiùrèn	17375
7-9	救死扶伤	jiùsǐ-fúshāng	
7-9	就绪	jiùxù	
7-9	就医	jiùyī	18539
7-9	就诊	jiùzhěn	14870
7-9	就职	jiùzhí	14398
7-9	救治	jiùzhì	11225
7-9	就座	jiùzuò	22691
7-9	居安思危	jū’ān-sīwēi	
7-9	居高不下	jūgāobúxià	
7-9	鞠躬	jūgōng	13875
7-9	拘留	jūliú	7175
7-9	拘束	jūshù	21629
7-9	居于	jūyú	
7-9	局部	júbù	8253
7-9	局势	júshì	5167
7-9	举报	jǔbào	5414
7-9	举措	jǔcuò	12534
7-9	咀嚼	jǔjué	15219
7-9	举棋不定	jǔqí-búdìng	
7-9	沮丧	jǔsàng	6795
7-9	举世瞩目	jǔshì-zhǔmù	35345
7-9	举一反三	jǔyī-fǎnsān	53042
7-9	举止	jǔzhǐ	10585
7-9	举重	jǔzhòng	17715
7-9	举足轻重	jǔzú-qīngzhòng	18971
7-9	剧变	jùbiàn	
7-9	巨额	jù’é	8536
7-9	聚焦	jùjiāo	
7-9	聚精会神	jùjīng-huìshén	32588
7-9	剧目	jùmù	15654
7-9	剧情	jùqíng	7162
7-9	巨人	jùrén	7611
7-9	巨头	jùtóu	11291
7-9	据悉	jùxī	18018
7-9	圈	juān	1517
7-9	捐献	juānxiàn	8508
7-9	卷入	juǎnrù	9418
7-9	绝	jué	2597
7-9	绝技	juéjì	19510
7-9	绝迹	juéjì	
7-9	倔强	juéjiàng	16602
7-9	崛起	juéqǐ	9272
7-9	诀窍	juéqiào	19470
7-9	觉悟	juéwù	13487
7-9	觉醒	juéxǐng	15544
7-9	决议	juéyì	8289
7-9	绝缘	juéyuán	23966
7-9	抉择	juézé	
7-9	角逐	juézhú	8531
7-9	倔	juè	23393
7-9	均	jūn	
7-9	军官	jūnguān	5943
7-9	均衡	jūnhéng	13122
7-9	军舰	jūnjiàn	16028
7-9	军事	jūnshì	2560
7-9	君子	jūnzǐ	11121
7-9	俊	jùn	8462
7-9	竣工	jùngōng	24208
7-9	骏马	jùnmǎ	26109
7-9	俊俏	jùnqiào	35572
7-9	卡车	kǎchē	5046
7-9	卡通	kǎtōng	7760
7-9	开办	kāibàn	10861
7-9	开采	kāicǎi	11044
7-9	开场	kāichǎng	6684
7-9	开场白	kāichǎngbái	22740
7-9	开除	kāichú	6459
7-9	开动	kāidòng	12257
7-9	开发区	kāifāqū	22592
7-9	开发商	kāifāshāng	15238
7-9	开工	kāigōng	5042
7-9	开垦	kāikěn	31554
7-9	开阔	kāikuò	11767
7-9	开朗	kāilǎng	12573
7-9	开明	kāimíng	21973
7-9	开辟	kāipì	13354
7-9	开天辟地	kāitiān-pìdì	40925
7-9	开庭	kāitíng	
7-9	开拓	kāituò	11820
7-9	开销	kāixiāo	14160
7-9	开张	kāizhāng	8948
7-9	开支	kāizhī	7694
7-9	楷模	kǎimó	20079
7-9	凯旋	kǎixuán	
7-9	堪称	kānchēng	13001
7-9	刊登	kāndēng	7731
7-9	看护	kānhù	15524
7-9	看守	kānshǒu	
7-9	勘探	kāntàn	20671
7-9	刊物	kānwù	16925
7-9	砍伐	kǎnfá	
7-9	侃侃而谈	kǎnkǎn’értán	
7-9	坎坷	kǎnkě	
7-9	看台	kàntái	11632
7-9	慷慨	kāngkǎi	9697
7-9	看管	kānguǎn	15697
7-9	扛	káng	7902
7-9	抗衡	kànghéng	16255
7-9	抗拒	kàngjù	8952
7-9	抗生素	kàngshēngsù	7830
7-9	抗议	kàngyì	4910
7-9	抗争	kàngzhēng	11656
7-9	考查	kǎochá	
7-9	考量	kǎoliáng	20278
7-9	靠拢	kàolǒng	19503
7-9	磕	kē	9780
7-9	苛刻	kēkè	10891
7-9	颗粒	kēlì	11500
7-9	壳	ké	5895
7-9	可悲	kěbēi	7880
7-9	可不是	kěbúshi	8534
7-9	可乘之机	kěchéngzhījī	34562
7-9	可耻	kěchǐ	10422
7-9	可观	kěguān	11746
7-9	可贵	kěguì	15774
7-9	可谓	kěwèi	11022
7-9	可恶	kěwù	7109
7-9	可想而知	kěxiǎng’érzhī	20154
7-9	可笑	kěxiào	5565
7-9	可疑	kěyí	6325
7-9	刻不容缓	kèbùrónghuǎn	29831
7-9	客房	kèfáng	9612
7-9	刻画	kèhuà	
7-9	客机	kèjī	13912
7-9	刻苦	kèkǔ	12964
7-9	客流	kèliú	44059
7-9	克隆	kèlóng	7241
7-9	刻意	kèyì	8213
7-9	客运	kèyùn	24357
7-9	克制	kèzhì	10707
7-9	刻舟求剑	kèzhōu-qiújiàn	108475
7-9	啃	kěn	7933
7-9	恳切	kěnqiè	50943
7-9	恳求	kěnqiú	15766
7-9	坑	kēng	3953
7-9	空荡荡	kōngdàngdàng	19536
7-9	空洞	kōngdòng	13373
7-9	空间站	kōngjiānzhàn	
7-9	空军	kōngjūn	4866
7-9	空难	kōngnàn	21236
7-9	空前	kōngqián	10691
7-9	空想	kōngxiǎng	25325
7-9	空虚	kōngxū	9191
7-9	孔	kǒng	5446
7-9	恐怖	kǒngbù	1623
7-9	恐吓	kǒnghè	10053
7-9	恐慌	kǒnghuāng	7541
7-9	恐龙	kǒnglóng	9054
7-9	空白	kòngbái	6020
7-9	控告	kònggào	12765
7-9	空隙	kòngxì	18570
7-9	抠	kōu	15536
7-9	口岸	kǒu’àn	
7-9	口碑	kǒubēi	18199
7-9	口才	kǒucái	18810
7-9	口吃	kǒuchī	27809
7-9	口径	kǒujìng	9038
7-9	口令	kǒulìng	17813
7-9	口气	kǒuqì	6144
7-9	口哨儿	kǒushàor	
7-9	口水	kǒushuǐ	8536
7-9	口头禅	kǒutóuchán	
7-9	口香糖	kǒuxiāngtáng	12699
7-9	口音	kǒuyīn	8894
7-9	口罩	kǒuzhào	16802
7-9	口子	kǒuzi	15274
7-9	扣除	kòuchú	12116
7-9	扣留	kòuliú	14056
7-9	扣人心弦	kòurénxīnxián	35633
7-9	扣押	kòuyā	12278
7-9	枯竭	kūjié	20673
7-9	窟窿	kūlong	23746
7-9	哭泣	kūqì	6226
7-9	枯萎	kūwěi	
7-9	哭笑不得	kūxiào-bùdé	27338
7-9	苦尽甘来	kǔjìn-gānlái	52587
7-9	苦难	kǔnàn	9629
7-9	苦恼	kǔnǎo	10264
7-9	苦涩	kǔsè	
7-9	苦笑	kǔxiào	25766
7-9	苦心	kǔxīn	27893
7-9	库存	kùcún	
7-9	酷似	kùsì	28114
7-9	夸大	kuādà	13143
7-9	夸夸其谈	kuākuā-qítán	35198
7-9	夸耀	kuāyào	30687
7-9	垮	kuǎ	7583
7-9	挎	kuà	25388
7-9	跨	kuà	4234
7-9	跨度	kuàdù	
7-9	跨国	kuàguó	15263
7-9	跨越	kuàyuè	9104
7-9	快活	kuàihuo	13797
7-9	宽敞	kuānchang	12046
7-9	宽泛	kuānfàn	32491
7-9	宽广	kuānguǎng	17575
7-9	宽厚	kuānhòu	28840
7-9	宽阔	kuānkuò	18637
7-9	宽容	kuānróng	6868
7-9	宽恕	kuānshù	12980
7-9	宽松	kuānsōng	11259
7-9	款待	kuǎndài	18024
7-9	款项	kuǎnxiàng	14109
7-9	筐	kuāng	17034
7-9	狂	kuáng	2107
7-9	狂欢	kuánghuān	5805
7-9	狂热	kuángrè	8734
7-9	矿	kuàng	5935
7-9	框	kuàng	9131
7-9	矿藏	kuàngcáng	37530
7-9	矿产	kuàngchǎn	
7-9	框架	kuàngjià	13045
7-9	旷课	kuàngkè	32748
7-9	况且	kuàngqiě	9029
7-9	亏本	kuīběn	26758
7-9	亏待	kuīdài	28145
7-9	捆	kǔn	9246
7-9	困惑	kùnhuò	6007
7-9	困境	kùnjìng	5345
7-9	扩	kuò	13470
7-9	扩充	kuòchōng	21367
7-9	阔绰	kuòchuò	42113
7-9	括号	kuòhào	31869
7-9	扩建	kuòjiàn	19417
7-9	扩散	kuòsàn	5579
7-9	扩张	kuòzhāng	6918
7-9	拉动	lādòng	29495
7-9	啦啦队	lālāduì	3808
7-9	拉链	lāliàn	
7-9	拉拢	lālǒng	18605
7-9	喇叭	lǎba	9211
7-9	蜡	là	12778
7-9	腊月	làyuè	57468
7-9	蜡烛	làzhú	7877
7-9	来宾	láibīn	11016
7-9	来电	láidiàn	6283
7-9	来访	láifǎng	8891
7-9	来回	láihuí	7107
7-9	来历	láilì	14129
7-9	来龙去脉	láilóng-qùmài	22644
7-9	来年	láinián	22086
7-9	来之不易	láizhī-búyì	
7-9	栏杆	lángān	13569
7-9	栏目	lánmù	12813
7-9	蓝图	lántú	13313
7-9	揽	lǎn	12258
7-9	缆车	lǎnchē	26207
7-9	懒得	lǎnde	8500
7-9	懒惰	lǎnduò	13267
7-9	滥用	lànyòng	8841
7-9	狼狈	lángbèi	16266
7-9	狼吞虎咽	lángtūn-hǔyàn	
7-9	朗诵	lǎngsòng	18524
7-9	捞	lāo	5566
7-9	唠叨	láodao	10247
7-9	牢固	láogù	11270
7-9	牢记	láojì	12490
7-9	劳驾	láojià	37933
7-9	牢牢	láoláo	9553
7-9	劳累	láolèi	15272
7-9	牢骚	láosāo	19777
7-9	劳务	láowù	20517
7-9	老伴儿	lǎobànr	60338
7-9	老大	lǎodà	3298
7-9	老化	lǎohuà	12970
7-9	老人家	lǎorenjia	8629
7-9	老乡	lǎoxiāng	14936
7-9	老字号	lǎozìhao	30827
7-9	涝	lào	53537
7-9	乐此不疲	lècǐ-bùpí	
7-9	乐意	lèyì	6221
7-9	乐园	lèyuán	6591
7-9	勒	lēi	2605
7-9	雷达	léidá	7037
7-9	雷同	léitóng	27498
7-9	累赘	léizhui	
7-9	累计	lěijì	17303
7-9	累积	lěijī	13573
7-9	棱角	léngjiǎo	24425
7-9	冷淡	lěngdàn	12345
7-9	冷冻	lěngdòng	9324
7-9	冷酷	lěngkù	11816
7-9	冷落	lěngluò	16953
7-9	冷门	lěngmén	20016
7-9	冷漠	lěngmò	7750
7-9	冷气	lěngqì	23852
7-9	冷却	lěngquè	9960
7-9	冷战	lěngzhàn	10942
7-9	愣	lèng	11493
7-9	黎明	límíng	8587
7-9	离谱儿	lípǔr	1000000
7-9	离奇	líqí	13073
7-9	理睬	lǐcǎi	16350
7-9	里程碑	lǐchéngbēi	16826
7-9	礼服	lǐfú	7383
7-9	理会	lǐhuì	9075
7-9	礼节	lǐjié	19082
7-9	礼品	lǐpǐn	9790
7-9	礼尚往来	lǐshàngwǎnglái	
7-9	理事	lǐshì	19238
7-9	理所当然	lǐsuǒdāngrán	10068
7-9	礼堂	lǐtáng	15531
7-9	礼仪	lǐyí	10234
7-9	鲤鱼	lǐyú	
7-9	理智	lǐzhì	5215
7-9	理直气壮	lǐzhí-qìzhuàng	37289
7-9	立案	lì’àn	
7-9	利弊	lìbì	
7-9	力不从心	lìbùcóngxīn	21629
7-9	历程	lìchéng	10170
7-9	历代	lìdài	26680
7-9	立法	lìfǎ	
7-9	立方	lìfāng	22390
7-9	立方米	lìfāngmǐ	35946
7-9	立功	lìgōng	25337
7-9	利害	lìhài	20755
7-9	立交桥	lìjiāoqiáo	22789
7-9	历届	lìjiè	32173
7-9	历来	lìlái	17374
7-9	莅临	lìlín	
7-9	利率	lìlǜ	10983
7-9	力求	lìqiú	15855
7-9	历时	lìshí	18847
7-9	利索	lìsuo	21085
7-9	力所能及	lìsuǒnéngjí	18286
7-9	立体	lìtǐ	10567
7-9	力争	lìzhēng	16137
7-9	励志	lìzhì	28471
7-9	立足	lìzú	14630
7-9	连贯	liánguàn	
7-9	联欢	liánhuān	35542
7-9	廉价	liánjià	7559
7-9	廉洁	liánjié	28006
7-9	连连	liánlián	
7-9	联络	liánluò	4467
7-9	联盟	liánméng	2339
7-9	连绵	liánmián	27852
7-9	连年	liánnián	34385
7-9	连任	liánrèn	16220
7-9	联赛	liánsài	4691
7-9	联手	liánshǒu	8516
7-9	连锁	liánsuǒ	7545
7-9	连同	liántóng	13615
7-9	怜惜	liánxī	33311
7-9	连夜	liányè	16020
7-9	廉正	liánzhèng	379791
7-9	帘子	liánzi	28809
7-9	莲子	liánzǐ	20235
7-9	脸颊	liǎnjiá	12415
7-9	炼	liàn	10362
7-9	恋恋不舍	liànliàn-bùshě	41381
7-9	良	liáng	8310
7-9	凉爽	liángshuǎng	18060
7-9	良心	liángxīn	6526
7-9	良性	liángxìng	15034
7-9	两口子	liǎngkǒuzi	26774
7-9	两栖	liǎngqī	28797
7-9	两手	liǎngshǒu	28543
7-9	两下子	liǎngxiàzi	
7-9	两翼	liǎngyì	
7-9	亮点	liàngdiǎn	10869
7-9	量化	liànghuà	
7-9	谅解	liàngjiě	11864
7-9	亮丽	liànglì	18974
7-9	亮相	liàngxiàng	8499
7-9	潦草	liáocǎo	48109
7-9	疗法	liáofǎ	6021
7-9	辽阔	liáokuò	25015
7-9	寥寥无几	liáoliáo-wújǐ	30527
7-9	疗效	liáoxiào	13362
7-9	疗养	liáoyǎng	20874
7-9	了结	liǎojié	10105
7-9	料理	liàolǐ	9786
7-9	咧嘴	liězuǐ	1000000
7-9	裂	liè	6953
7-9	裂缝	lièfèng	8135
7-9	裂痕	lièhén	17741
7-9	列举	lièjǔ	18380
7-9	猎人	lièrén	9488
7-9	烈日	lièrì	
7-9	劣势	lièshì	13022
7-9	烈士	lièshì	11928
7-9	猎物	lièwù	
7-9	劣质	lièzhì	14224
7-9	拎	līn	11124
7-9	临	lín	6091
7-9	临床	línchuáng	4243
7-9	临街	línjiē	39431
7-9	临近	línjìn	9411
7-9	吝啬	lìnsè	16240
7-9	灵	líng	2026
7-9	灵感	línggǎn	4591
7-9	灵魂	línghún	2579
7-9	零件	língjiàn	8400
7-9	灵机一动	língjī-yídòng	32503
7-9	灵敏	língmǐn	13980
7-9	灵巧	língqiǎo	21037
7-9	零售	língshòu	9935
7-9	零碎	língsuì	
7-9	聆听	língtīng	
7-9	灵通	língtōng	15005
7-9	零星	língxīng	21996
7-9	领队	lǐngduì	11559
7-9	领会	lǐnghuì	12532
7-9	领军	lǐngjūn	1000000
7-9	领略	lǐnglüè	16941
7-9	领事	lǐngshì	20219
7-9	领事馆	lǐngshìguǎn	23364
7-9	领土	lǐngtǔ	8618
7-9	领悟	lǐngwù	12096
7-9	领袖	lǐngxiù	3957
7-9	领养	lǐngyǎng	10747
7-9	溜	liū	5659
7-9	溜达	liūda	16564
7-9	流畅	liúchàng	9270
7-9	流浪	liúlàng	6517
7-9	留恋	liúliàn	13649
7-9	流露	liúlù	12368
7-9	流氓	liúmáng	5202
7-9	留念	liúniàn	20051
7-9	流派	liúpài	
7-9	留神	liúshén	16844
7-9	流逝	liúshì	
7-9	流失	liúshī	11192
7-9	流水	liúshuǐ	10995
7-9	流淌	liútǎng	12874
7-9	流向	liúxiàng	14722
7-9	留心	liúxīn	13923
7-9	流血	liúxuè	6486
7-9	留意	liúyì	6127
7-9	流域	liúyù	20502
7-9	流转	liúzhuǎn	20716
7-9	柳树	liǔshù	28007
7-9	遛	liù	17781
7-9	聋	lóng	12408
7-9	龙头	lóngtóu	
7-9	隆重	lóngzhòng	7000
7-9	笼子	lóngzi	11933
7-9	垄断	lǒngduàn	11039
7-9	笼统	lǒngtǒng	29692
7-9	笼罩	lǒngzhào	10028
7-9	搂	lǒu	9281
7-9	露面	lòumiàn	9214
7-9	炉子	lúzi	16127
7-9	鲁莽	lǔmǎng	19225
7-9	卤味	lǔwèi	53626
7-9	鹿	lù	5364
7-9	露	lù	2700
7-9	路段	lùduàn	14718
7-9	路径	lùjìng	
7-9	陆军	lùjūn	7538
7-9	露天	lùtiān	11290
7-9	路途	lùtú	15788
7-9	露营	lùyíng	
7-9	路子	lùzi	13393
7-9	屡	lǚ	16379
7-9	缕	lǚ	13610
7-9	屡次	lǚcì	23740
7-9	屡屡	lǚlǚ	
7-9	绿地	lǜdì	18730
7-9	绿洲	lǜzhōu	
7-9	孪生	luánshēng	27245
7-9	卵	luǎn	10123
7-9	乱七八糟	luànqībāzāo	8907
7-9	略	lüè	5208
7-9	掠夺	lüèduó	12733
7-9	略微	lüèwēi	20310
7-9	抡	lūn	19852
7-9	轮换	lúnhuàn	24389
7-9	轮廓	lúnkuò	11945
7-9	伦理	lúnlǐ	11350
7-9	轮胎	lúntāi	4913
7-9	论述	lùnshù	20892
7-9	论证	lùnzhèng	14292
7-9	啰唆	luōsuo	128460
7-9	萝卜	luóbo	8242
7-9	螺丝	luósī	16116
7-9	裸	luǒ	4679
7-9	裸露	luǒlù	14013
7-9	裸体	luǒtǐ	
7-9	落差	luòchā	29794
7-9	落成	luòchéng	20880
7-9	落户	luòhù	33298
7-9	落实	luòshí	16045
7-9	络绎不绝	luòyì-bùjué	34597
7-9	麻	má	4988
7-9	麻痹	mábì	8935
7-9	麻将	májiàng	13433
7-9	麻辣	málà	23271
7-9	麻木	mámù	9568
7-9	麻醉	mázuì	6421
7-9	码	mǎ	2833
7-9	马后炮	mǎhòupào	44420
7-9	马力	mǎlì	12915
7-9	马桶	mǎtǒng	8584
7-9	埋藏	máicáng	14710
7-9	埋伏	máifú	11612
7-9	埋没	máimò	25479
7-9	埋头苦干	máitóu-kǔgàn	
7-9	埋葬	máizàng	12213
7-9	脉搏	màibó	11767
7-9	脉络	màiluò	38592
7-9	瞒	mán	6855
7-9	埋怨	mányuàn	10938
7-9	满怀	mǎnhuái	11120
7-9	漫	màn	7395
7-9	慢性	mànxìng	9266
7-9	蔓延	mànyán	7609
7-9	漫游	mànyóu	14554
7-9	忙活	mánghuo	15465
7-9	忙乱	mángluàn	33607
7-9	茫茫	mángmáng	13223
7-9	盲目	mángmù	6842
7-9	茫然	mángrán	13636
7-9	矛头	máotóu	17616
7-9	冒充	màochōng	11187
7-9	冒犯	màofàn	14861
7-9	冒昧	màomèi	24924
7-9	茂密	màomì	30360
7-9	茂盛	màoshèng	28450
7-9	枚	méi	2591
7-9	媒介	méijiè	15079
7-9	没劲	méijìn	14775
7-9	眉开眼笑	méikāi-yǎnxiào	45283
7-9	煤气	méiqì	8803
7-9	煤炭	méitàn	16613
7-9	没完没了	méiwán-méiliǎo	14136
7-9	没辙	méizhé	26032
7-9	没准儿	méizhǔnr	55268
7-9	美德	měidé	12541
7-9	美化	měihuà	14334
7-9	美满	měimǎn	12203
7-9	美妙	měimiào	5307
7-9	美容	měiróng	6379
7-9	美学	měixué	
7-9	美誉	měiyù	
7-9	美中不足	měizhōng-bùzú	33676
7-9	美滋滋	měizīzī	54509
7-9	闷	mēn	5112
7-9	闷热	mēnrè	
7-9	门槛	ménkǎn	11962
7-9	门路	ménlu	18772
7-9	蒙	mēng	2993
7-9	萌发	méngfā	34285
7-9	朦胧	ménglóng	14629
7-9	萌芽	méngyá	20071
7-9	盟友	méngyǒu	13164
7-9	猛	měng	3398
7-9	猛烈	měngliè	9642
7-9	猛然	měngrán	20301
7-9	梦幻	mènghuàn	6553
7-9	梦寐以求	mèngmèiyǐqiú	
7-9	眯	mī	14561
7-9	谜	mí	6848
7-9	谜底	mídǐ	19958
7-9	迷惑	míhuò	8585
7-9	迷恋	míliàn	9387
7-9	弥漫	mímàn	11532
7-9	迷失	míshī	7005
7-9	谜团	mítuán	19898
7-9	迷信	míxìn	9691
7-9	谜语	míyǔ	25753
7-9	密布	mìbù	
7-9	秘方	mìfāng	13705
7-9	密封	mìfēng	9769
7-9	秘诀	mìjué	10144
7-9	蜜月	mìyuè	12555
7-9	棉花	miánhuā	6129
7-9	免不了	miǎnbuliǎo	20777
7-9	免除	miǎnchú	14058
7-9	免得	miǎnde	9217
7-9	缅怀	miǎnhuái	16462
7-9	勉励	miǎnlì	37429
7-9	腼腆	miǎntiǎn	
7-9	免职	miǎnzhí	25860
7-9	面红耳赤	miànhóng-ěrchì	42692
7-9	面孔	miànkǒng	
7-9	面貌	miànmào	12053
7-9	面面俱到	miànmiàn-jùdào	31752
7-9	面目全非	miànmù-quánfēi	20409
7-9	苗	miáo	10956
7-9	苗条	miáotiao	14328
7-9	苗头	miáotou	23988
7-9	瞄准	miáozhǔn	6229
7-9	藐视	miǎoshì	
7-9	渺小	miǎoxiǎo	14611
7-9	庙	miào	10174
7-9	庙会	miàohuì	24933
7-9	灭绝	mièjué	12237
7-9	蔑视	mièshì	18227
7-9	灭亡	mièwáng	11523
7-9	民办	mínbàn	7359
7-9	民居	mínjū	
7-9	民生	mínshēng	
7-9	民事	mínshì	
7-9	民意	mínyì	14044
7-9	民营	mínyíng	
7-9	民用	mínyòng	14041
7-9	敏捷	mǐnjié	13225
7-9	敏锐	mǐnruì	9945
7-9	鸣	míng	
7-9	名次	míngcì	18029
7-9	名副其实	míngfùqíshí	13990
7-9	名贵	míngguì	20646
7-9	铭记	míngjì	12942
7-9	明朗	mínglǎng	12931
7-9	名利	mínglì	19661
7-9	明媚	míngmèi	14686
7-9	名声	míngshēng	8064
7-9	名言	míngyán	13296
7-9	名义	míngyì	4447
7-9	名誉	míngyù	7798
7-9	明智	míngzhì	7721
7-9	名著	míngzhù	16615
7-9	命	mìng	1484
7-9	摸索	mōsuǒ	14094
7-9	膜	mó	4209
7-9	磨	mó	4671
7-9	摩擦	mócā	8215
7-9	魔法	mófǎ	
7-9	模范	mófàn	7612
7-9	蘑菇	mógu	8557
7-9	魔鬼	móguǐ	5671
7-9	磨合	móhé	22505
7-9	魔力	mólì	
7-9	磨炼	móliàn	
7-9	磨难	mónàn	15243
7-9	魔术	móshù	6559
7-9	磨损	mósǔn	13479
7-9	抹	mǒ	4600
7-9	抹杀	mǒshā	23195
7-9	墨	mò	7266
7-9	莫大	mòdà	
7-9	莫非	mòfēi	11365
7-9	茉莉	mòlì	
7-9	没落	mòluò	21378
7-9	莫名其妙	mòmíngqímiào	7558
7-9	默默无闻	mòmò-wúwén	20335
7-9	默契	mòqì	7377
7-9	漠然	mòrán	37792
7-9	末日	mòrì	8466
7-9	没收	mòshōu	6509
7-9	墨水	mòshuǐ	15475
7-9	谋害	móuhài	31751
7-9	谋划	móuhuà	
7-9	谋求	móuqiú	20764
7-9	谋取	móuqǔ	
7-9	谋生	móushēng	13978
7-9	亩	mǔ	9626
7-9	牡丹	mǔdan	19467
7-9	拇指	mǔzhǐ	
7-9	墓	mù	6465
7-9	幕	mù	3319
7-9	墓碑	mùbēi	17027
7-9	目不转睛	mùbùzhuǎnjīng	27819
7-9	牧场	mùchǎng	13472
7-9	目瞪口呆	mùdèng-kǒudāi	19310
7-9	墓地	mùdì	10470
7-9	目睹	mùdǔ	7713
7-9	幕后	mùhòu	6794
7-9	木匠	mùjiàng	21260
7-9	募捐	mùjuān	11761
7-9	牧民	mùmín	29102
7-9	木偶	mù’ǒu	13694
7-9	沐浴	mùyù	10793
7-9	目中无人	mùzhōng-wúrén	32144
7-9	拿手	náshǒu	11750
7-9	呐喊	nàhǎn	13843
7-9	纳闷儿	nàmènr	77711
7-9	纳入	nàrù	10921
7-9	纳税	nàshuì	10358
7-9	纳税人	nàshuìrén	10351
7-9	乃	nǎi	5811
7-9	奶酪	nǎilào	
7-9	乃至	nǎizhì	15251
7-9	耐	nài	5195
7-9	耐人寻味	nàirénxúnwèi	30346
7-9	耐用	nàiyòng	26052
7-9	难处	nánchù	20936
7-9	难得一见	nándéyíjiàn	1000000
7-9	男方	nánfāng	
7-9	南瓜	nánguā	9076
7-9	难怪	nánguài	5294
7-9	难关	nánguān	11461
7-9	难堪	nánkān	10347
7-9	难能可贵	nánnéng-kěguì	32815
7-9	难为情	nánwéiqíng	22432
7-9	难以置信	nányǐ-zhìxìn	9559
7-9	南辕北辙	nányuán-běizhé	
7-9	挠	náo	8880
7-9	脑海	nǎohǎi	6229
7-9	恼火	nǎohuǒ	12898
7-9	恼羞成怒	nǎoxiū-chéngnù	29606
7-9	闹事	nàoshì	15630
7-9	内存	nèicún	12710
7-9	内地	nèidì	16557
7-9	内行	nèiháng	23722
7-9	内幕	nèimù	10165
7-9	内向	nèixiàng	26068
7-9	内需	nèixū	59477
7-9	内在	nèizài	6428
7-9	内脏	nèizàng	
7-9	嫩	nèn	6514
7-9	能耗	nénghào	38570
7-9	能耐	néngnai	14111
7-9	能人	néngrén	21063
7-9	泥泞	nínìng	
7-9	泥潭	nítán	22435
7-9	泥土	nítǔ	10271
7-9	拟	nǐ	10399
7-9	拟定	nǐdìng	19304
7-9	逆	nì	9088
7-9	逆境	nìjìng	
7-9	匿名	nìmíng	12030
7-9	溺水	nìshuǐ	
7-9	逆行	nìxíng	
7-9	黏	nián	14914
7-9	年报	niánbào	
7-9	年画	niánhuà	30151
7-9	年均	niánjūn	
7-9	年轮	niánlún	
7-9	年迈	niánmài	23794
7-9	年限	niánxiàn	23094
7-9	年薪	niánxīn	15631
7-9	撵	niǎn	
7-9	念念不忘	niànniàn-búwàng	16511
7-9	念头	niàntou	5858
7-9	娘	niáng	2131
7-9	酿造	niàngzào	25051
7-9	鸟巢	niǎocháo	23612
7-9	尿	niào	2899
7-9	捏	niē	4857
7-9	拧	níng	7556
7-9	凝固	nínggù	13476
7-9	凝结	níngjié	
7-9	宁静	níngjìng	7092
7-9	凝聚	níngjù	12032
7-9	凝视	níngshì	13685
7-9	宁可	nìngkě	8234
7-9	宁愿	nìngyuàn	4690
7-9	纽带	niǔdài	14312
7-9	纽扣	niǔkòu	17672
7-9	扭曲	niǔqū	7352
7-9	扭头	niǔtóu	21398
7-9	扭转	niǔzhuǎn	8733
7-9	农场	nóngchǎng	5660
7-9	农历	nónglì	35140
7-9	农民工	nóngmíngōng	38309
7-9	浓缩	nóngsuō	10610
7-9	浓郁	nóngyù	20892
7-9	浓重	nóngzhòng	28270
7-9	弄虚作假	nòngxū-zuòjiǎ	29962
7-9	奴隶	núlì	7456
7-9	女方	nǚfāng	
7-9	女婿	nǚxu	12022
7-9	暖烘烘	nuǎnhōnghōng	68189
7-9	虐待	nüèdài	7321
7-9	挪	nuó	8064
7-9	诺言	nuòyán	9382
7-9	殴打	ōudǎ	8604
7-9	呕吐	ǒutù	6374
7-9	趴	pā	5070
7-9	拍板	pāibǎn	28922
7-9	拍卖	pāimài	4442
7-9	排查	páichá	
7-9	排斥	páichì	8330
7-9	排行榜	páihángbǎng	12201
7-9	徘徊	páihuái	8578
7-9	牌照	páizhào	8347
7-9	派别	pàibié	19318
7-9	派遣	pàiqiǎn	9393
7-9	攀	pān	9894
7-9	攀登	pāndēng	15910
7-9	攀升	pānshēng	14907
7-9	盘算	pánsuan	17666
7-9	盘旋	pánxuán	14151
7-9	判	pàn	3453
7-9	盼	pàn	6757
7-9	判处	pànchǔ	8915
7-9	判定	pàndìng	10672
7-9	判决	pànjué	3639
7-9	叛逆	pànnì	12939
7-9	旁人	pángrén	
7-9	螃蟹	pángxiè	
7-9	胖乎乎	pànghūhū	
7-9	抛弃	pāoqì	4229
7-9	刨	páo	17726
7-9	跑龙套	pǎolóngtào	36523
7-9	炮	pào	5592
7-9	泡沫	pàomò	7113
7-9	胚胎	pēitāi	13361
7-9	佩戴	pèidài	
7-9	配方	pèifāng	
7-9	配件	pèijiàn	11536
7-9	配角	pèijué	
7-9	配偶	pèi’ǒu	12235
7-9	配音	pèiyīn	13200
7-9	配置	pèizhì	10372
7-9	喷泉	pēnquán	13972
7-9	盆地	péndì	23207
7-9	抨击	pēngjī	14961
7-9	烹饪	pēngrèn	10492
7-9	烹调	pēngtiáo	18661
7-9	棚	péng	
7-9	蓬勃	péngbó	24205
7-9	鹏程万里	péngchéng-wànlǐ	114959
7-9	澎湃	péngpài	
7-9	膨胀	péngzhàng	9839
7-9	捧场	pěngchǎng	16594
7-9	碰钉子	pèngdīngzi	65600
7-9	碰巧	pèngqiǎo	15063
7-9	劈	pī	8142
7-9	批发	pīfā	15769
7-9	披露	pīlù	10669
7-9	批判	pīpàn	10324
7-9	脾	pí	13723
7-9	疲惫	píbèi	7555
7-9	皮革	pígé	12646
7-9	疲倦	píjuàn	11450
7-9	匹配	pǐpèi	7203
7-9	屁股	pìgu	3206
7-9	僻静	pìjìng	34171
7-9	媲美	pìměi	17662
7-9	譬如	pìrú	14286
7-9	偏	piān	3051
7-9	偏爱	piān’ài	
7-9	偏差	piānchā	16233
7-9	篇幅	piānfú	25962
7-9	偏见	piānjiàn	9888
7-9	偏离	piānlí	
7-9	偏旁	piānpáng	
7-9	偏僻	piānpì	12070
7-9	偏偏	piānpiān	7946
7-9	偏向	piānxiàng	16250
7-9	偏远	piānyuǎn	15464
7-9	片子	piānzi	5039
7-9	片段	piànduàn	7400
7-9	漂泊	piāobó	
7-9	飘浮	piāofú	
7-9	漂浮	piāofú	13367
7-9	漂流	piāoliú	
7-9	飘扬	piāoyáng	22536
7-9	票房	piàofáng	10836
7-9	撇	piě	11433
7-9	拼搏	pīnbó	12182
7-9	拼接	pīnjiē	
7-9	拼命	pīnmìng	4700
7-9	贫乏	pínfá	29155
7-9	频频	pínpín	16455
7-9	贫穷	pínqióng	8907
7-9	品德	pǐndé	16921
7-9	品位	pǐnwèi	8194
7-9	品味	pǐnwèi	
7-9	品行	pǐnxíng	22266
7-9	聘	pìn	10588
7-9	聘任	pìnrèn	29941
7-9	聘用	pìnyòng	13781
7-9	屏蔽	píngbì	
7-9	平淡	píngdàn	10219
7-9	评定	píngdìng	15031
7-9	平房	píngfáng	
7-9	平和	pínghé	10831
7-9	平价	píngjià	30948
7-9	瓶颈	píngjǐng	17291
7-9	平面	píngmiàn	9275
7-9	评判	píngpàn	8959
7-9	平日	píngrì	15735
7-9	评审	píngshěn	5353
7-9	萍水相逢	píngshuǐ-xiāngféng	48991
7-9	平坦	píngtǎn	17673
7-9	评委	píngwěi	3923
7-9	平稳	píngwěn	9128
7-9	平息	píngxī	10764
7-9	平行	píngxíng	9981
7-9	平庸	píngyōng	
7-9	平原	píngyuán	10650
7-9	屏障	píngzhàng	14358
7-9	凭证	píngzhèng	19610
7-9	颇	pō	5653
7-9	泼冷水	pōlěngshuǐ	38596
7-9	破案	pò’àn	10186
7-9	迫不及待	pòbùjídài	8697
7-9	破除	pòchú	20142
7-9	迫害	pòhài	11860
7-9	破解	pòjiě	9956
7-9	破旧	pòjiù	15419
7-9	破例	pòlì	21021
7-9	魄力	pòlì	23747
7-9	破裂	pòliè	7002
7-9	破灭	pòmiè	12424
7-9	迫使	pòshǐ	8426
7-9	破碎	pòsuì	9053
7-9	扑克	pūkè	12368
7-9	铺路	pūlù	26972
7-9	扑面而来	pūmiàn’érlái	49677
7-9	菩萨	púsà	17880
7-9	谱	pǔ	5498
7-9	朴实	pǔshí	19018
7-9	瀑布	pùbù	10033
7-9	沏	qī	38676
7-9	漆	qī	7339
7-9	欺负	qīfu	4731
7-9	漆黑	qīhēi	
7-9	凄凉	qīliáng	16083
7-9	期盼	qīpàn	8289
7-9	蹊跷	qīqiao	
7-9	欺诈	qīzhà	8724
7-9	七嘴八舌	qīzuǐ-bāshé	41404
7-9	祈祷	qídǎo	4534
7-9	奇观	qíguān	
7-9	奇妙	qímiào	7455
7-9	旗袍	qípáo	36388
7-9	崎岖	qíqū	
7-9	歧视	qíshì	6933
7-9	奇特	qítè	9112
7-9	齐心协力	qíxīn-xiélì	17271
7-9	旗帜	qízhì	7492
7-9	起步	qǐbù	8720
7-9	起草	qǐcǎo	9562
7-9	启程	qǐchéng	12630
7-9	起程	qǐchéng	31328
7-9	启迪	qǐdí	20510
7-9	起伏	qǐfú	9804
7-9	乞丐	qǐgài	11171
7-9	起哄	qǐhòng	25283
7-9	起劲	qǐjìn	22948
7-9	起码	qǐmǎ	4041
7-9	启蒙	qǐméng	20648
7-9	起跑线	qǐpǎoxiàn	21839
7-9	乞求	qǐqiú	19132
7-9	起诉	qǐsù	3235
7-9	乞讨	qǐtǎo	15251
7-9	企图	qǐtú	4499
7-9	启用	qǐyòng	
7-9	岂有此理	qǐyǒucǐlǐ	46100
7-9	器材	qìcái	9537
7-9	气愤	qìfèn	9895
7-9	气管	qìguǎn	10974
7-9	器官	qìguān	4857
7-9	契机	qìjī	17262
7-9	迄今	qìjīn	13667
7-9	器具	qìjù	
7-9	气流	qìliú	
7-9	气馁	qìněi	21983
7-9	气派	qìpài	19011
7-9	气泡	qìpào	17227
7-9	气魄	qìpò	26408
7-9	弃权	qìquán	
7-9	气色	qìsè	16801
7-9	气势	qìshì	9469
7-9	气息	qìxī	5417
7-9	气象	qìxiàng	7203
7-9	器械	qìxiè	10160
7-9	气压	qìyā	16502
7-9	契约	qìyuē	9421
7-9	器重	qìzhòng	
7-9	掐	qiā	7287
7-9	卡	qiǎ	670
7-9	恰到好处	qiàdào-hǎochù	14885
7-9	恰巧	qiàqiǎo	16400
7-9	恰如其分	qiàrú-qífèn	30471
7-9	洽谈	qiàtán	18806
7-9	迁	qiān	12173
7-9	签	qiān	2244
7-9	千变万化	qiānbiàn-wànhuà	35836
7-9	牵扯	qiānchě	11586
7-9	千方百计	qiānfāng-bǎijì	16008
7-9	牵挂	qiānguà	10869
7-9	迁就	qiānjiù	18562
7-9	千军万马	qiānjūn-wànmǎ	43815
7-9	千钧一发	qiānjūn-yífà	35703
7-9	牵涉	qiānshè	10987
7-9	签署	qiānshǔ	4105
7-9	牵头	qiāntóu	25971
7-9	迁徙	qiānxǐ	16697
7-9	谦逊	qiānxùn	20754
7-9	迁移	qiānyí	14712
7-9	签约	qiānyuē	5753
7-9	牵制	qiānzhì	17412
7-9	千姿百态	qiānzī-bǎitài	
7-9	前辈	qiánbèi	9548
7-9	钱财	qiáncái	11459
7-9	前程	qiánchéng	
7-9	虔诚	qiánchéng	11261
7-9	潜伏	qiánfú	
7-9	前赴后继	qiánfù-hòujì	45740
7-9	潜能	qiánnéng	12154
7-9	前任	qiánrèn	8753
7-9	潜入	qiánrù	
7-9	潜水	qiánshuǐ	10234
7-9	前所未有	qiánsuǒwèiyǒu	8193
7-9	前台	qiántái	11148
7-9	潜艇	qiántǐng	8080
7-9	前无古人	qiánwúgǔrén	33975
7-9	前夕	qiánxī	11648
7-9	前线	qiánxiàn	7292
7-9	潜心	qiánxīn	
7-9	前沿	qiányán	13908
7-9	潜移默化	qiányí-mòhuà	31990
7-9	潜在	qiánzài	5425
7-9	浅显	qiǎnxiǎn	
7-9	谴责	qiǎnzé	7122
7-9	欠缺	qiànquē	15069
7-9	欠条	qiàntiáo	36112
7-9	歉意	qiànyì	11732
7-9	呛	qiāng	11625
7-9	腔	qiāng	7193
7-9	枪毙	qiāngbì	16619
7-9	强盗	qiángdào	9409
7-9	强加	qiángjiā	18555
7-9	强劲	qiángjìng	7522
7-9	强势	qiángshì	7345
7-9	强项	qiángxiàng	14623
7-9	强行	qiángxíng	6872
7-9	强硬	qiángyìng	7618
7-9	强占	qiángzhàn	39024
7-9	强制	qiángzhì	5763
7-9	抢夺	qiǎngduó	16103
7-9	抢劫	qiǎngjié	3341
7-9	抢眼	qiǎngyǎn	18207
7-9	敲诈	qiāozhà	12532
7-9	憔悴	qiáocuì	
7-9	巧合	qiǎohé	7230
7-9	翘	qiào	5400
7-9	撬	qiào	9630
7-9	窍门	qiàomén	18531
7-9	切除	qiēchú	4727
7-9	切磋	qiēcuō	
7-9	切割	qiēgē	12148
7-9	切换	qiēhuàn	
7-9	且	qiě	2144
7-9	锲而不舍	qiè’érbùshě	38449
7-9	切记	qièjì	
7-9	切忌	qièjì	
7-9	窃取	qièqǔ	16744
7-9	切身	qièshēn	24467
7-9	惬意	qièyì	
7-9	侵犯	qīnfàn	4394
7-9	侵害	qīnhài	10479
7-9	亲和力	qīnhélì	23658
7-9	亲近	qīnjìn	7302
7-9	侵略	qīnlüè	6964
7-9	钦佩	qīnpèi	14182
7-9	侵权	qīnquán	14830
7-9	亲热	qīnrè	11273
7-9	亲身	qīnshēn	12076
7-9	亲生	qīnshēng	10008
7-9	亲手	qīnshǒu	6642
7-9	亲眼	qīnyǎn	6618
7-9	侵占	qīnzhàn	15452
7-9	勤工俭学	qíngōng-jiǎnxué	39680
7-9	勤俭	qínjiǎn	38935
7-9	勤快	qínkuai	23842
7-9	琴棋书画	qín-qí-shū-huà	
7-9	寝室	qǐnshì	9766
7-9	轻而易举	qīng’éryìjǔ	13706
7-9	清澈	qīngchè	14725
7-9	清除	qīngchú	4835
7-9	清脆	qīngcuì	31431
7-9	清单	qīngdān	7718
7-9	倾倒	qīngdǎo	
7-9	倾家荡产	qīngjiā-dàngchǎn	26223
7-9	清静	qīngjìng	16392
7-9	青睐	qīnglài	
7-9	清凉	qīngliáng	17723
7-9	轻蔑	qīngmiè	20749
7-9	轻视	qīngshì	13811
7-9	倾诉	qīngsù	9428
7-9	青铜器	qīngtóngqì	
7-9	轻微	qīngwēi	7547
7-9	倾销	qīngxiāo	22639
7-9	倾斜	qīngxié	9158
7-9	清新	qīngxīn	6188
7-9	轻型	qīngxíng	19892
7-9	情报	qíngbào	2886
7-9	情不自禁	qíngbúzìjīn	11914
7-9	情调	qíngdiào	14562
7-9	情怀	qínghuái	20753
7-9	情结	qíngjié	12330
7-9	情境	qíngjìng	
7-9	情理	qínglǐ	20406
7-9	情侣	qínglǚ	5325
7-9	情人	qíngrén	4038
7-9	情商	qíngshāng	
7-9	情谊	qíngyì	15880
7-9	情愿	qíngyuàn	9439
7-9	请柬	qǐngjiǎn	22818
7-9	请示	qǐngshì	18413
7-9	请帖	qǐngtiě	30508
7-9	庆典	qìngdiǎn	8812
7-9	庆贺	qìnghè	18065
7-9	庆幸	qìngxìng	7531
7-9	丘陵	qiūlíng	26657
7-9	囚犯	qiúfàn	8699
7-9	求同存异	qiútóng-cúnyì	
7-9	求学	qiúxué	28724
7-9	求医	qiúyī	37285
7-9	求证	qiúzhèng	18393
7-9	驱动	qūdòng	11197
7-9	屈服	qūfú	11097
7-9	区间	qūjiān	
7-9	区区	qūqū	
7-9	曲线	qūxiàn	6445
7-9	趋于	qūyú	19589
7-9	曲折	qūzhé	13065
7-9	驱逐	qūzhú	10878
7-9	取而代之	qǔ’érdàizhī	16470
7-9	取材	qǔcái	
7-9	取缔	qǔdì	19774
7-9	取经	qǔjīng	27807
7-9	取决	qǔjué	
7-9	取暖	qǔnuǎn	12354
7-9	取胜	qǔshèng	8513
7-9	取笑	qǔxiào	15306
7-9	曲艺	qǔyì	
7-9	去除	qùchú	10988
7-9	去处	qùchù	15356
7-9	去向	qùxiàng	10857
7-9	圈套	quāntào	13626
7-9	圈子	quānzi	7760
7-9	拳	quán	3246
7-9	全方位	quánfāngwèi	11781
7-9	权衡	quánhéng	17687
7-9	拳击	quánjī	
7-9	全局	quánjú	10030
7-9	全力以赴	quánlìyǐfù	9514
7-9	全能	quánnéng	10964
7-9	全身心	quánshēnxīn	
7-9	诠释	quánshì	
7-9	拳头	quántóu	7826
7-9	权威	quánwēi	5493
7-9	权限	quánxiàn	
7-9	全心全意	quánxīn-quányì	11148
7-9	权益	quányì	6690
7-9	劝告	quàngào	20177
7-9	劝说	quànshuō	12642
7-9	劝阻	quànzǔ	21438
7-9	缺口	quēkǒu	11446
7-9	缺失	quēshī	12865
7-9	缺席	quēxí	9842
7-9	瘸	qué	19513
7-9	确切	quèqiè	5982
7-9	确信	quèxìn	9028
7-9	确凿	quèzáo	17369
7-9	确诊	quèzhěn	9753
7-9	燃放	ránfàng	24304
7-9	燃气	ránqì	18804
7-9	燃油	rányóu	11633
7-9	嚷	rǎng	13472
7-9	让步	ràngbù	10734
7-9	饶	ráo	7774
7-9	饶恕	ráoshù	24201
7-9	扰乱	rǎoluàn	9719
7-9	绕行	ràoxíng	22711
7-9	绕远儿	ràoyuǎnr	
7-9	惹	rě	3183
7-9	热潮	rècháo	12716
7-9	热带	rèdài	8536
7-9	热泪盈眶	rèlèi-yíngkuàng	25380
7-9	热腾腾	rèténgténg	24091
7-9	热销	rèxiāo	
7-9	热衷	rèzhōng	12985
7-9	仁慈	réncí	14134
7-9	人次	réncì	37900
7-9	人道	réndào	12917
7-9	人格	réngé	5144
7-9	人间	rénjiān	5471
7-9	人品	rénpǐn	10830
7-9	人气	rénqì	10467
7-9	人情	rénqíng	7358
7-9	人权	rénquán	7841
7-9	人身	rénshēn	7914
7-9	人手	rénshǒu	8837
7-9	人文	rénwén	18807
7-9	人性	rénxìng	5302
7-9	任性	rénxìng	10527
7-9	人选	rénxuǎn	5303
7-9	人缘儿	rényuánr	1000000
7-9	人造	rénzào	9994
7-9	人质	rénzhì	5750
7-9	忍耐	rěnnài	9047
7-9	忍心	rěnxīn	11017
7-9	任	rèn	1943
7-9	任命	rènmìng	6667
7-9	任期	rènqī	12192
7-9	韧性	rènxìng	27310
7-9	任意	rènyì	6455
7-9	认证	rènzhèng	7871
7-9	任职	rènzhí	10508
7-9	任重道远	rènzhòng-dàoyuǎn	35050
7-9	日程	rìchéng	8938
7-9	日复一日	rìfùyírì	20223
7-9	日趋	rìqū	21011
7-9	日新月异	rìxīn-yuèyì	28296
7-9	融	róng	8118
7-9	容光焕发	róngguāng-huànfā	29949
7-9	荣获	rónghuò	19118
7-9	溶解	róngjiě	12802
7-9	容貌	róngmào	14234
7-9	容纳	róngnà	12247
7-9	容器	róngqì	8444
7-9	融洽	róngqià	12145
7-9	容忍	róngrěn	6689
7-9	荣幸	róngxìng	6767
7-9	容许	róngxǔ	14246
7-9	容颜	róngyán	19563
7-9	荣耀	róngyào	
7-9	融资	róngzī	
7-9	冗长	rǒngcháng	26319
7-9	揉	róu	8985
7-9	柔和	róuhé	11857
7-9	如痴如醉	rúchī-rúzuì	
7-9	如期	rúqī	
7-9	如实	rúshí	13941
7-9	如意	rúyì	11543
7-9	如一	rúyī	11594
7-9	如愿以偿	rúyuànyǐcháng	18537
7-9	乳制品	rǔzhìpǐn	27890
7-9	入场	rùchǎng	12245
7-9	入场券	rùchǎngquàn	14998
7-9	入侵	rùqīn	5805
7-9	入手	rùshǒu	9020
7-9	软弱	ruǎnruò	8294
7-9	软实力	ruǎnshílì	1000000
7-9	瑞雪	ruìxuě	47630
7-9	润	rùn	6937
7-9	若	ruò	1349
7-9	若干	ruògān	10305
7-9	若是	ruòshì	
7-9	弱势	ruòshì	20733
7-9	弱项	ruòxiàng	
7-9	撒	sā	2662
7-9	撒谎	sāhuǎng	8163
7-9	赛	sài	1181
7-9	赛车	sàichē	5140
7-9	赛季	sàijì	
7-9	赛跑	sàipǎo	16992
7-9	三番五次	sānfān-wǔcì	52808
7-9	三角	sānjiǎo	7531
7-9	三维	sānwéi	14872
7-9	散布	sànbù	11482
7-9	散落	sànluò	
7-9	桑拿	sāngná	17234
7-9	嗓音	sǎngyīn	
7-9	丧生	sàngshēng	10199
7-9	骚乱	sāoluàn	11988
7-9	骚扰	sāorǎo	6620
7-9	扫除	sǎochú	20281
7-9	扫墓	sǎomù	29945
7-9	扫兴	sǎoxìng	21314
7-9	嫂子	sǎozi	14522
7-9	扫帚	sàozhou	
7-9	僧人	sēngrén	20566
7-9	纱	shā	8482
7-9	杀毒	shādú	1000000
7-9	杀害	shāhài	5148
7-9	沙龙	shālóng	8762
7-9	杀手	shāshǒu	3723
7-9	沙滩	shātān	6517
7-9	傻瓜	shǎguā	5273
7-9	筛	shāi	16197
7-9	筛查	shāichá	
7-9	山川	shānchuān	27081
7-9	煽动	shāndòng	14589
7-9	山谷	shāngǔ	10210
7-9	山岭	shānlǐng	38767
7-9	山脉	shānmài	17979
7-9	山寨	shānzhài	20616
7-9	闪烁	shǎnshuò	10116
7-9	善	shàn	3510
7-9	膳食	shànshí	20604
7-9	赡养	shànyǎng	27145
7-9	善意	shànyì	10577
7-9	擅自	shànzì	7694
7-9	伤脑筋	shāngnǎojīn	26254
7-9	伤残	shāngcán	19467
7-9	商贩	shāngfàn	26598
7-9	伤感	shānggǎn	7547
7-9	商贾	shānggǔ	31449
7-9	伤痕	shānghén	8140
7-9	商机	shāngjī	
7-9	伤势	shāngshì	9849
7-9	商讨	shāngtǎo	12695
7-9	商议	shāngyì	
7-9	商用	shāngyòng	
7-9	赏识	shǎngshí	
7-9	尚	shàng	3816
7-9	上半场	shàngbànchǎng	
7-9	上报	shàngbào	8421
7-9	上层	shàngcéng	
7-9	上场	shàngchǎng	4521
7-9	上岗	shànggǎng	15147
7-9	上火	shànghuǒ	21836
7-9	上空	shàngkōng	8137
7-9	尚且	shàngqiě	
7-9	上任	shàngrèn	10580
7-9	上司	shàngsi	6766
7-9	上诉	shàngsù	6654
7-9	上调	shàngtiáo	18670
7-9	尚未	shàngwèi	5178
7-9	上限	shàngxiàn	14585
7-9	上行	shàngxíng	
7-9	上演	shàngyǎn	4710
7-9	上瘾	shàngyǐn	11015
7-9	上映	shàngyìng	7954
7-9	上游	shàngyóu	10579
7-9	捎	shāo	12623
7-9	稍后	shāohòu	8877
7-9	烧毁	shāohuǐ	11071
7-9	稍稍	shāoshāo	10832
7-9	少不了	shǎobuliǎo	16510
7-9	哨	shào	12583
7-9	少女	shàonǚ	3926
7-9	奢侈	shēchǐ	9105
7-9	奢望	shēwàng	12950
7-9	折	shé	3422
7-9	设	shè	2512
7-9	设定	shèdìng	5771
7-9	设法	shèfǎ	7616
7-9	社会主义	shèhuìzhǔyì	7317
7-9	社交	shèjiāo	6894
7-9	涉猎	shèliè	
7-9	社团	shètuán	9726
7-9	涉嫌	shèxián	5080
7-9	深奥	shēn’ào	21352
7-9	申办	shēnbàn	12953
7-9	申报	shēnbào	11184
7-9	身不由己	shēnbùyóujǐ	22648
7-9	深沉	shēnchén	14042
7-9	深化	shēnhuà	27143
7-9	身价	shēnjià	11358
7-9	申领	shēnlǐng	11401
7-9	深切	shēnqiè	13392
7-9	深情	shēnqíng	10238
7-9	深情厚谊	shēnqíng-hòuyì	70510
7-9	身躯	shēnqū	13643
7-9	深入人心	shēnrù-rénxīn	27174
7-9	绅士	shēnshì	8945
7-9	伸手	shēnshǒu	7348
7-9	深思	shēnsī	17135
7-9	申诉	shēnsù	
7-9	深邃	shēnsuì	
7-9	伸缩	shēnsuō	27067
7-9	呻吟	shēnyín	12867
7-9	身影	shēnyǐng	9157
7-9	深造	shēnzào	
7-9	伸张	shēnzhāng	30806
7-9	身子	shēnzi	5938
7-9	神气	shénqì	23813
7-9	神情	shénqíng	10176
7-9	神圣	shénshèng	6133
7-9	神态	shéntài	22467
7-9	神仙	shénxiān	11834
7-9	审	shěn	6079
7-9	审查	shěnchá	5475
7-9	审定	shěndìng	30256
7-9	审核	shěnhé	9924
7-9	审计	shěnjì	
7-9	审理	shěnlǐ	6423
7-9	审判	shěnpàn	3741
7-9	审批	shěnpī	13298
7-9	审视	shěnshì	11636
7-9	肾	shèn	4176
7-9	渗	shèn	14195
7-9	渗透	shèntòu	8262
7-9	慎重	shènzhòng	9496
7-9	生产线	shēngchǎnxiàn	
7-9	声称	shēngchēng	5017
7-9	牲畜	shēngchù	14622
7-9	升华	shēnghuá	
7-9	生机	shēngjī	12377
7-9	生理	shēnglǐ	5461
7-9	声明	shēngmíng	2813
7-9	生命线	shēngmìngxiàn	28405
7-9	生怕	shēngpà	20681
7-9	生平	shēngpíng	15961
7-9	生前	shēngqián	8621
7-9	声势	shēngshì	23742
7-9	生疏	shēngshū	23514
7-9	生死	shēngsǐ	5796
7-9	声望	shēngwàng	13373
7-9	生效	shēngxiào	7791
7-9	生涯	shēngyá	4401
7-9	生硬	shēngyìng	23872
7-9	生育	shēngyù	8140
7-9	声誉	shēngyù	9988
7-9	升值	shēngzhí	14403
7-9	绳子	shéngzi	7161
7-9	省略	shěnglüè	19480
7-9	省事	shěngshì	22484
7-9	盛产	shèngchǎn	26534
7-9	胜出	shèngchū	26979
7-9	盛大	shèngdà	6011
7-9	胜负	shèngfù	9326
7-9	盛会	shènghuì	13107
7-9	盛开	shèngkāi	15581
7-9	盛气凌人	shèngqì-língrén	44358
7-9	盛情	shèngqíng	27521
7-9	胜任	shèngrèn	10591
7-9	盛夏	shèngxià	
7-9	圣贤	shèngxián	28718
7-9	盛行	shèngxíng	16304
7-9	盛宴	shèngyàn	
7-9	失传	shīchuán	26721
7-9	湿地	shīdì	
7-9	师范	shīfàn	11688
7-9	施工	shīgōng	6996
7-9	施加	shījiā	13190
7-9	失控	shīkòng	7077
7-9	失利	shīlì	12367
7-9	失礼	shīlǐ	
7-9	失灵	shīlíng	13684
7-9	失落	shīluò	7646
7-9	失明	shīmíng	13560
7-9	湿润	shīrùn	15795
7-9	失事	shīshì	
7-9	失态	shītài	
7-9	尸体	shītǐ	2483
7-9	失效	shīxiào	10642
7-9	施行	shīxíng	13094
7-9	施压	shīyā	14652
7-9	施展	shīzhǎn	10193
7-9	师长	shīzhǎng	33317
7-9	师资	shīzī	45241
7-9	失踪	shīzōng	3333
7-9	时隔	shígé	23141
7-9	时而	shí’ér	15579
7-9	实地	shídì	10562
7-9	时段	shíduàn	9171
7-9	时好时坏	shíhǎo-shíhuài	1000000
7-9	实话实说	shíhuà-shíshuō	16161
7-9	时节	shíjié	15011
7-9	时空	shíkōng	6484
7-9	实况	shíkuàng	16049
7-9	时髦	shímáo	8563
7-9	时时	shíshí	15697
7-9	时事	shíshì	19360
7-9	实事求是	shíshì-qiúshì	19818
7-9	食宿	shísù	25212
7-9	实体	shítǐ	9379
7-9	实物	shíwù	14965
7-9	时装	shízhuāng	5049
7-9	屎	shǐ	
7-9	使唤	shǐhuan	20706
7-9	使命	shǐmìng	5244
7-9	史无前例	shǐwúqiánlì	16692
7-9	使者	shǐzhě	8284
7-9	势必	shìbì	17695
7-9	势不可当	shìbùkědāng	80787
7-9	视察	shìchá	13400
7-9	市场经济	shìchǎngjīngjì	22676
7-9	世代	shìdài	18618
7-9	试点	shìdiǎn	15623
7-9	是非	shìfēi	6491
7-9	世故	shìgù	21308
7-9	嗜好	shìhào	15322
7-9	侍候	shìhòu	30125
7-9	事迹	shìjì	9158
7-9	世间	shìjiān	
7-9	视角	shìjiǎo	9678
7-9	适量	shìliàng	23250
7-9	士气	shìqì	10738
7-9	世人	shìrén	
7-9	适时	shìshí	13914
7-9	逝世	shìshì	14081
7-9	事态	shìtài	11196
7-9	试探	shìtan	11980
7-9	势头	shìtou	11123
7-9	示威	shìwēi	9675
7-9	事务所	shìwùsuǒ	4162
7-9	视线	shìxiàn	5877
7-9	试行	shìxíng	30221
7-9	视野	shìyě	7019
7-9	事宜	shìyí	8691
7-9	示意	shìyì	13303
7-9	市值	shìzhí	
7-9	柿子	shìzi	20350
7-9	收复	shōufù	26991
7-9	收割	shōugē	
7-9	收据	shōujù	11991
7-9	收敛	shōuliǎn	11751
7-9	收留	shōuliú	14442
7-9	收买	shōumǎi	14106
7-9	收视率	shōushìlǜ	9580
7-9	收缩	shōusuō	8334
7-9	收养	shōuyǎng	8175
7-9	收音机	shōuyīnjī	9558
7-9	收支	shōuzhī	14183
7-9	手册	shǒucè	7783
7-9	首创	shǒuchuàng	22495
7-9	手动	shǒudòng	9664
7-9	首付	shǒufù	
7-9	首府	shǒufǔ	13328
7-9	守候	shǒuhòu	13391
7-9	守护	shǒuhù	7007
7-9	手脚	shǒujiǎo	6879
7-9	首脑	shǒunǎo	10682
7-9	手帕	shǒupà	17352
7-9	首批	shǒupī	5890
7-9	手枪	shǒuqiāng	6518
7-9	首饰	shǒushì	9399
7-9	手头	shǒutóu	9741
7-9	手腕	shǒuwàn	7714
7-9	首席	shǒuxí	4140
7-9	守信	shǒuxìn	
7-9	手艺	shǒuyì	12504
7-9	手掌	shǒuzhǎng	9804
7-9	守株待兔	shǒuzhū-dàitù	33204
7-9	受宠若惊	shòuchǒng-ruòjīng	
7-9	受挫	shòucuò	
7-9	受害	shòuhài	12583
7-9	受害人	shòuhàirén	6583
7-9	受贿	shòuhuì	12703
7-9	受惊	shòujīng	22069
7-9	受苦	shòukǔ	14680
7-9	受理	shòulǐ	10796
7-9	受骗	shòupiàn	15006
7-9	授权	shòuquán	3827
7-9	受益	shòuyì	7654
7-9	受益匪浅	shòuyì-fěiqiǎn	
7-9	授予	shòuyǔ	7275
7-9	受罪	shòuzuì	18362
7-9	梳	shū	10902
7-9	舒畅	shūchàng	18978
7-9	疏导	shūdǎo	26988
7-9	疏忽	shūhu	12839
7-9	书记	shūjì	14194
7-9	梳理	shūlǐ	14904
7-9	枢纽	shūniǔ	20660
7-9	抒情	shūqíng	16306
7-9	疏散	shūsàn	8792
7-9	疏通	shūtōng	19535
7-9	输血	shūxuè	14301
7-9	输液	shūyè	13615
7-9	疏远	shūyuǎn	
7-9	舒展	shūzhǎn	
7-9	梳子	shūzi	21250
7-9	赎	shú	11652
7-9	曙光	shǔguāng	14515
7-9	属相	shǔxiàng	
7-9	属性	shǔxìng	17443
7-9	数一数二	shǔyī-shǔ’èr	
7-9	数额	shù’é	10074
7-9	束缚	shùfù	7564
7-9	树干	shùgàn	
7-9	数据库	shùjùkù	5370
7-9	竖立	shùlì	
7-9	数码	shùmǎ	6016
7-9	树梢	shùshāo	37468
7-9	束手无策	shùshǒu-wúcè	
7-9	树荫	shùyīn	29574
7-9	刷新	shuāxīn	13412
7-9	耍	shuǎ	3070
7-9	耍赖	shuǎlài	29362
7-9	衰减	shuāijiǎn	28810
7-9	摔跤	shuāijiāo	11555
7-9	衰竭	shuāijié	10257
7-9	衰落	shuāiluò	
7-9	衰弱	shuāiruò	25831
7-9	衰退	shuāituì	12859
7-9	甩	shuǎi	3672
7-9	率	shuài	2786
7-9	拴	shuān	13576
7-9	涮	shuàn	15007
7-9	霜	shuāng	6485
7-9	双胞胎	shuāngbāotāi	8603
7-9	双边	shuāngbiān	20258
7-9	双重	shuāngchóng	6239
7-9	双向	shuāngxiàng	12505
7-9	双赢	shuāngyíng	1000000
7-9	爽	shuǎng	2263
7-9	爽快	shuǎngkuai	16589
7-9	水产	shuǐchǎn	
7-9	水滴石穿	shuǐdī-shíchuān	
7-9	水晶	shuǐjīng	6229
7-9	水利	shuǐlì	18333
7-9	水龙头	shuǐlóngtóu	17310
7-9	水落石出	shuǐluò-shíchū	21841
7-9	水汽	shuǐqì	
7-9	水土	shuǐtǔ	
7-9	水域	shuǐyù	13197
7-9	水源	shuǐyuán	9615
7-9	水涨船高	shuǐzhǎng-chuángāo	40619
7-9	水准	shuǐzhǔn	7494
7-9	睡袋	shuìdài	23812
7-9	税收	shuìshōu	7717
7-9	税务	shuìwù	9952
7-9	顺差	shùnchā	54122
7-9	顺畅	shùnchàng	14501
7-9	顺从	shùncóng	17272
7-9	顺理成章	shùnlǐ-chéngzhāng	21854
7-9	顺路	shùnlù	20368
7-9	顺其自然	shùnqízìrán	13447
7-9	顺势	shùnshì	18662
7-9	顺手	shùnshǒu	13485
7-9	顺心	shùnxīn	16192
7-9	顺延	shùnyán	
7-9	顺应	shùnyìng	22301
7-9	说不上	shuōbushàng	36064
7-9	说谎	shuōhuǎng	6776
7-9	说情	shuōqíng	36421
7-9	硕果	shuòguǒ	34691
7-9	丝	sī	1558
7-9	撕	sī	5814
7-9	丝绸	sīchóu	12230
7-9	司法	sīfǎ	3845
7-9	丝毫	sīháo	5484
7-9	私家车	sījiāchē	1000000
7-9	司空见惯	sīkōng-jiànguàn	26048
7-9	私立	sīlì	14918
7-9	司令	sīlìng	10296
7-9	思前想后	sīqián-xiǎnghòu	48743
7-9	私事	sīshì	17057
7-9	思索	sīsuǒ	13129
7-9	私下	sīxià	7490
7-9	思绪	sīxù	11576
7-9	私营	sīyíng	14930
7-9	私有	sīyǒu	19459
7-9	私自	sīzì	13196
7-9	死心	sǐxīn	18782
7-9	寺	sì	7938
7-9	似曾相识	sìcéng-xiāngshí	19017
7-9	四方	sìfāng	
7-9	伺机	sìjī	19846
7-9	饲料	sìliào	11074
7-9	四面八方	sìmiàn-bāfāng	19629
7-9	寺庙	sìmiào	14797
7-9	似是而非	sìshì-érfēi	37874
7-9	四通八达	sìtōng-bādá	
7-9	肆无忌惮	sìwú-jìdàn	18846
7-9	饲养	sìyǎng	12011
7-9	四肢	sìzhī	10487
7-9	松弛	sōngchí	15782
7-9	松树	sōngshù	19425
7-9	松懈	sōngxiè	
7-9	耸	sǒng	15254
7-9	耸立	sǒnglì	31433
7-9	怂恿	sǒngyǒng	
7-9	送别	sòngbié	23101
7-9	送行	sòngxíng	20004
7-9	搜查	sōuchá	7999
7-9	搜救	sōujiù	1000000
7-9	搜寻	sōuxún	8349
7-9	酥	sū	10489
7-9	苏醒	sūxǐng	11918
7-9	俗	sú	8279
7-9	俗称	súchēng	
7-9	俗话	súhuà	18314
7-9	俗语	súyǔ	24526
7-9	素	sù	2618
7-9	素不相识	sùbùxiāngshí	31683
7-9	素材	sùcái	12118
7-9	诉苦	sùkǔ	23488
7-9	诉求	sùqiú	
7-9	素食	sùshí	15617
7-9	诉说	sùshuō	13698
7-9	诉讼	sùsòng	3548
7-9	素养	sùyǎng	23559
7-9	诉诸	sùzhū	
7-9	蒜	suàn	11954
7-9	算计	suànjì	13871
7-9	算盘	suànpán	23240
7-9	算数	suànshù	15281
7-9	算账	suànzhàng	18722
7-9	虽说	suīshuō	8568
7-9	随处可见	suíchùkějiàn	19060
7-9	随即	suíjí	12608
7-9	随机	suíjī	5453
7-9	随身	suíshēn	6903
7-9	随时随地	suíshí-suídì	13454
7-9	随心所欲	suíxīnsuǒyù	12643
7-9	隧道	suìdào	5170
7-9	损人利己	sǔnrén-lìjǐ	53422
7-9	缩	suō	6001
7-9	缩减	suōjiǎn	
7-9	缩水	suōshuǐ	17775
7-9	缩影	suōyǐng	21636
7-9	锁定	suǒdìng	5401
7-9	索赔	suǒpéi	12486
7-9	索取	suǒqǔ	14942
7-9	所属	suǒshǔ	10088
7-9	琐碎	suǒsuì	
7-9	所谓	suǒwèi	1616
7-9	索性	suǒxìng	18443
7-9	所在	suǒzài	2572
7-9	所作所为	suǒzuò-suǒwéi	12356
7-9	塌	tā	8276
7-9	踏	tà	3442
7-9	胎	tāi	6282
7-9	胎儿	tāi’ér	7319
7-9	泰斗	tàidǒu	47526
7-9	太极	tàijí	17618
7-9	太平	tàipíng	11020
7-9	态势	tàishì	
7-9	贪	tān	10632
7-9	摊	tān	6664
7-9	瘫	tān	17190
7-9	贪吃	tānchī	
7-9	瘫痪	tānhuàn	8408
7-9	贪婪	tānlán	9086
7-9	贪污	tānwū	10770
7-9	坛	tán	16984
7-9	痰	tán	10069
7-9	谈及	tánjí	
7-9	坦白	tǎnbái	7310
7-9	坦诚	tǎnchéng	9965
7-9	坦克	tǎnkè	6208
7-9	坦然	tǎnrán	12753
7-9	坦率	tǎnshuài	11926
7-9	坦言	tǎnyán	
7-9	毯子	tǎnzi	17479
7-9	炭	tàn	13259
7-9	探	tàn	2298
7-9	探测	tàncè	8394
7-9	探究	tànjiū	
7-9	叹气	tànqì	17278
7-9	探亲	tànqīn	22096
7-9	探求	tànqiú	30109
7-9	探望	tànwàng	10583
7-9	探险	tànxiǎn	8989
7-9	堂	táng	3587
7-9	糖尿病	tángniàobìng	6384
7-9	淌	tǎng	16569
7-9	倘若	tǎngruò	15613
7-9	掏腰包	tāoyāobāo	
7-9	滔滔不绝	tāotāo-bùjué	19862
7-9	淘	táo	8224
7-9	逃避	táobì	4735
7-9	陶瓷	táocí	10494
7-9	逃生	táoshēng	11935
7-9	逃亡	táowáng	11837
7-9	陶冶	táoyě	65189
7-9	陶醉	táozuì	13282
7-9	讨	tǎo	4393
7-9	讨好	tǎohǎo	10495
7-9	讨价还价	tǎojià-huánjià	12869
7-9	特此	tècǐ	
7-9	特例	tèlì	25371
7-9	特权	tèquán	8533
7-9	特邀	tèyāo	19944
7-9	特制	tèzhì	12498
7-9	特质	tèzhì	9755
7-9	腾	téng	8009
7-9	疼爱	téngài	14247
7-9	藤蔓	téngwàn	
7-9	剔除	tīchú	19717
7-9	梯子	tīzi	15634
7-9	提拔	tíbá	12631
7-9	提纲	tígāng	28361
7-9	提及	tíjí	
7-9	提炼	tíliàn	16362
7-9	提名	tímíng	5189
7-9	提速	tísù	37206
7-9	提心吊胆	tíxīn-diàodǎn	20737
7-9	提议	tíyì	4891
7-9	体裁	tǐcái	
7-9	体谅	tǐliàng	12385
7-9	体面	tǐmiàn	13447
7-9	体能	tǐnéng	12260
7-9	体魄	tǐpò	
7-9	体态	tǐtài	
7-9	体贴	tǐtiē	7789
7-9	体制	tǐzhì	7005
7-9	体质	tǐzhì	15276
7-9	剃	tì	12514
7-9	替补	tìbǔ	
7-9	替换	tìhuàn	10602
7-9	天长地久	tiāncháng-dìjiǔ	20808
7-9	天敌	tiāndí	
7-9	天地	tiāndì	7764
7-9	天鹅	tiān’é	10373
7-9	天分	tiānfèn	16449
7-9	天赋	tiānfù	6020
7-9	天花板	tiānhuābǎn	
7-9	添加剂	tiānjiājì	
7-9	天经地义	tiānjīng-dìyì	30356
7-9	天伦之乐	tiānlúnzhīlè	36076
7-9	天平	tiānpíng	16762
7-9	天桥	tiānqiáo	12172
7-9	天生	tiānshēng	4564
7-9	天使	tiānshǐ	3295
7-9	天堂	tiāntáng	3183
7-9	天线	tiānxiàn	11888
7-9	天性	tiānxìng	10935
7-9	填补	tiánbǔ	9801
7-9	填充	tiánchōng	16183
7-9	田间	tiánjiān	
7-9	甜美	tiánměi	6581
7-9	甜蜜	tiánmì	4680
7-9	田野	tiányě	16069
7-9	田园	tiányuán	
7-9	舔	tiǎn	7383
7-9	挑剔	tiāoti	10153
7-9	调和	tiáohé	18915
7-9	调剂	tiáojì	21962
7-9	调解	tiáojiě	10413
7-9	调侃	tiáokǎn	19087
7-9	调控	tiáokòng	22584
7-9	条款	tiáokuǎn	5580
7-9	条例	tiáolì	4946
7-9	条理	tiáolǐ	22242
7-9	调料	tiáoliào	14059
7-9	调试	tiáoshì	16893
7-9	条约	tiáoyuē	7534
7-9	挑	tiǎo	2310
7-9	挑拨	tiǎobō	27120
7-9	挑衅	tiǎoxìn	9812
7-9	跳槽	tiàocáo	19676
7-9	跳动	tiàodòng	11061
7-9	跳伞	tiàosǎn	17522
7-9	眺望	tiàowàng	
7-9	跳跃	tiàoyuè	8646
7-9	贴切	tiēqiè	19402
7-9	铁	tiě	2193
7-9	帖子	tiězi	8341
7-9	听从	tīngcóng	10740
7-9	停泊	tíngbó	21647
7-9	停顿	tíngdùn	13836
7-9	停放	tíngfàng	20324
7-9	停业	tíngyè	19262
7-9	停滞	tíngzhì	16362
7-9	亭子	tíngzi	32764
7-9	挺拔	tǐngbá	28996
7-9	通报	tōngbào	6821
7-9	通畅	tōngchàng	18843
7-9	通车	tōngchē	22923
7-9	通告	tōnggào	9042
7-9	通红	tōnghóng	21285
7-9	通货膨胀	tōnghuòpéngzhàng	
7-9	通缉	tōngjī	12618
7-9	通顺	tōngshùn	50383
7-9	通俗	tōngsú	18163
7-9	通通	tōngtōng	14122
7-9	通宵	tōngxiāo	9060
7-9	同胞	tóngbāo	6032
7-9	同比	tóngbǐ	
7-9	同步	tóngbù	6408
7-9	同等	tóngděng	11078
7-9	同感	tónggǎn	9619
7-9	同伙	tónghuǒ	10281
7-9	同盟	tóngméng	10148
7-9	同期	tóngqī	18095
7-9	同仁	tóngrén	
7-9	同志	tóngzhì	1228
7-9	同舟共济	tóngzhōu-gòngjì	36268
7-9	捅	tǒng	6249
7-9	筒	tǒng	6284
7-9	统筹	tǒngchóu	23019
7-9	统统	tǒngtǒng	7958
7-9	统治	tǒngzhì	4679
7-9	痛心	tòngxīn	16344
7-9	偷窥	tōukuī	15593
7-9	偷懒	tōulǎn	14374
7-9	投奔	tóubèn	22518
7-9	投放	tóufàng	
7-9	投稿	tóugǎo	13109
7-9	头号	tóuhào	7261
7-9	投机	tóujī	12302
7-9	投射	tóushè	20816
7-9	投身	tóushēn	13174
7-9	头条	tóutiáo	17548
7-9	头头是道	tóutóu-shìdào	39740
7-9	头衔	tóuxián	9443
7-9	投降	tóuxiáng	5903
7-9	投掷	tóuzhì	18662
7-9	透彻	tòuchè	18296
7-9	透气	tòuqì	14227
7-9	透支	tòuzhī	15162
7-9	凸	tū	12197
7-9	秃	tū	15174
7-9	突击	tūjī	7596
7-9	突破口	tūpòkǒu	14208
7-9	突如其来	tūrú-qílái	15992
7-9	突兀	tūwù	
7-9	凸显	tūxiǎn	26590
7-9	涂	tú	3698
7-9	徒步	túbù	12160
7-9	徒劳	túláo	
7-9	屠杀	túshā	8592
7-9	图形	túxíng	15043
7-9	图纸	túzhǐ	12662
7-9	吐槽	tǔcáo	
7-9	土生土长	tǔshēng-tǔzhǎng	23491
7-9	团伙	tuánhuǒ	6421
7-9	团聚	tuánjù	10265
7-9	团员	tuányuán	18564
7-9	推崇	tuīchóng	
7-9	推辞	tuīcí	28333
7-9	推断	tuīduàn	10746
7-9	推翻	tuīfān	8789
7-9	推理	tuīlǐ	10227
7-9	推论	tuīlùn	18566
7-9	推敲	tuīqiāo	28185
7-9	推算	tuīsuàn	20499
7-9	推卸	tuīxiè	19919
7-9	推选	tuīxuǎn	21310
7-9	推移	tuīyí	18780
7-9	颓废	tuífèi	15571
7-9	退步	tuìbù	21136
7-9	退化	tuìhuà	
7-9	退回	tuìhuí	11557
7-9	退却	tuìquè	26542
7-9	退让	tuìràng	24961
7-9	退缩	tuìsuō	11862
7-9	退役	tuìyì	7817
7-9	吞吞吐吐	tūntūntǔtǔ	
7-9	臀	tún	
7-9	托	tuō	2533
7-9	托付	tuōfù	18375
7-9	脱节	tuōjié	20901
7-9	脱口而出	tuōkǒu’érchū	18812
7-9	拖累	tuōlěi	13870
7-9	脱离	tuōlí	4351
7-9	脱落	tuōluò	11749
7-9	拖欠	tuōqiàn	14024
7-9	脱身	tuōshēn	12896
7-9	脱颖而出	tuōyǐng’érchū	10861
7-9	驮	tuó	28188
7-9	妥	tuǒ	8024
7-9	妥当	tuǒdàng	14010
7-9	妥善	tuǒshàn	11968
7-9	妥协	tuǒxié	7090
7-9	椭圆	tuǒyuán	26348
7-9	拓宽	tuòkuān	17344
7-9	唾弃	tuòqì	
7-9	唾液	tuòyè	17628
7-9	拓展	tuòzhǎn	10602
7-9	挖掘	wājué	5490
7-9	挖苦	wāku	22351
7-9	瓦	wǎ	3722
7-9	瓦解	wǎjiě	15829
7-9	歪曲	wāiqū	15953
7-9	外币	wàibì	26687
7-9	外行	wàiháng	18243
7-9	外号	wàihào	13355
7-9	外汇	wàihuì	15343
7-9	外籍	wàijí	23378
7-9	外贸	wàimào	25516
7-9	外貌	wàimào	13933
7-9	外向	wàixiàng	32377
7-9	外星人	wàixīngrén	8135
7-9	外援	wàiyuán	18275
7-9	外在	wàizài	
7-9	外资	wàizī	39797
7-9	丸	wán	6699
7-9	完备	wánbèi	21641
7-9	完毕	wánbì	3434
7-9	顽固	wángù	11477
7-9	完好	wánhǎo	12191
7-9	玩弄	wánnòng	11043
7-9	顽皮	wánpí	19839
7-9	玩耍	wánshuǎ	10026
7-9	玩意儿	wányìr	14169
7-9	丸子	wánzi	
7-9	挽	wǎn	14394
7-9	挽回	wǎnhuí	7524
7-9	挽救	wǎnjiù	6916
7-9	晚年	wǎnnián	17146
7-9	晚期	wǎnqī	11966
7-9	惋惜	wǎnxī	15115
7-9	晚霞	wǎnxiá	
7-9	万分	wànfēn	7486
7-9	万能	wànnéng	8366
7-9	万万	wànwàn	23985
7-9	万无一失	wànwú-yìshī	19546
7-9	汪洋	wāngyáng	32495
7-9	王朝	wángcháo	
7-9	王国	wángguó	7263
7-9	王牌	wángpái	13076
7-9	亡羊补牢	wángyáng-bǔláo	32906
7-9	往常	wǎngcháng	9346
7-9	网点	wǎngdiǎn	31135
7-9	网民	wǎngmín	48593
7-9	往日	wǎngrì	12966
7-9	往事	wǎngshì	7060
7-9	旺	wàng	7543
7-9	旺季	wàngjì	20197
7-9	旺盛	wàngshèng	10698
7-9	妄想	wàngxiǎng	10019
7-9	望远镜	wàngyuǎnjìng	10171
7-9	微	wēi	
7-9	微波炉	wēibōlú	10818
7-9	微不足道	wēibùzúdào	14170
7-9	威风	wēifēng	19000
7-9	微观	wēiguān	26198
7-9	危及	wēijí	12509
7-9	危急	wēijí	12584
7-9	威力	wēilì	6981
7-9	微妙	wēimiào	10426
7-9	微弱	wēiruò	11031
7-9	威慑	wēishè	27484
7-9	微生物	wēishēngwù	
7-9	威望	wēiwàng	23156
7-9	微微	wēiwēi	
7-9	威信	wēixìn	18966
7-9	微型	wēixíng	11327
7-9	唯	wéi	1556
7-9	违背	wéibèi	6358
7-9	唯独	wéidú	17552
7-9	围观	wéiguān	
7-9	围墙	wéiqiáng	12193
7-9	维权	wéiquán	
7-9	为人	wéirén	6680
7-9	唯有	wéiyǒu	
7-9	违约	wéiyuē	16276
7-9	违章	wéizhāng	12488
7-9	纬度	wěidù	26877
7-9	尾气	wěiqì	23681
7-9	尾声	wěishēng	12403
7-9	萎缩	wěisuō	10824
7-9	委婉	wěiwǎn	17242
7-9	委员	wěiyuán	7019
7-9	委员会	wěiyuánhuì	1659
7-9	伪造	wěizào	6608
7-9	伪装	wěizhuāng	6445
7-9	味精	wèijīng	26745
7-9	畏惧	wèijù	11358
7-9	蔚蓝	wèilán	
7-9	慰劳	wèiláo	40023
7-9	未免	wèimiǎn	13291
7-9	卫视	wèishì	27956
7-9	畏缩	wèisuō	34781
7-9	慰问	wèiwèn	13425
7-9	卫星	wèixīng	3342
7-9	喂养	wèiyǎng	13029
7-9	未知数	wèizhīshù	24868
7-9	位子	wèizi	8395
7-9	温差	wēnchà	
7-9	温带	wēndài	52921
7-9	温度计	wēndùjì	29216
7-9	温泉	wēnquán	7424
7-9	温室	wēnshì	13526
7-9	温习	wēnxí	30799
7-9	温馨	wēnxīn	5716
7-9	瘟疫	wēnyì	17960
7-9	文	wén	1391
7-9	文盲	wénmáng	15821
7-9	文凭	wénpíng	12620
7-9	文人	wénrén	26292
7-9	文雅	wényǎ	23023
7-9	蚊帐	wénzhàng	29214
7-9	蚊子	wénzi	9995
7-9	吻	wěn	2797
7-9	稳	wěn	3303
7-9	稳固	wěngù	14938
7-9	吻合	wěnhé	5450
7-9	稳健	wěnjiàn	17364
7-9	紊乱	wěnluàn	10820
7-9	稳妥	wěntuǒ	20098
7-9	稳重	wěnzhòng	17141
7-9	问候	wènhòu	6124
7-9	问世	wènshì	16765
7-9	窝	wō	4511
7-9	卧	wò	7481
7-9	卧铺	wòpù	30450
7-9	污秽	wūhuì	26017
7-9	污蔑	wūmiè	25744
7-9	诬陷	wūxiàn	20844
7-9	屋檐	wūyán	
7-9	呜咽	wūyè	32446
7-9	乌云	wūyún	16527
7-9	无比	wúbǐ	3895
7-9	无边无际	wúbiān-wújì	
7-9	无不	wúbù	25506
7-9	无偿	wúcháng	13741
7-9	无耻	wúchǐ	7732
7-9	无从	wúcóng	11867
7-9	无敌	wúdí	6502
7-9	无动于衷	wúdòngyúzhōng	16560
7-9	无非	wúfēi	12628
7-9	无故	wúgù	17829
7-9	无辜	wúgū	5012
7-9	无关紧要	wúguān-jǐnyào	14902
7-9	无话可说	wúhuà-kěshuō	15411
7-9	无家可归	wújiā-kěguī	15746
7-9	无价之宝	wújiàzhībǎo	
7-9	无精打采	wújīng-dǎcǎi	26282
7-9	无济于事	wújìyúshì	18284
7-9	无可厚非	wúkěhòufēi	23211
7-9	无可奈何	wúkěnàihé	19845
7-9	无赖	wúlài	13694
7-9	无力	wúlì	6036
7-9	无理	wúlǐ	14822
7-9	无论如何	wúlùn-rúhé	4814
7-9	无能	wúnéng	9252
7-9	无能为力	wúnéngwéilì	8626
7-9	无情	wúqíng	6678
7-9	无穷	wúqióng	9542
7-9	无私	wúsī	9969
7-9	无所事事	wúsuǒshìshì	16294
7-9	无所作为	wúsuǒzuòwéi	32252
7-9	无条件	wútiáojiàn	12248
7-9	无微不至	wúwēi-búzhì	25869
7-9	无线	wúxiàn	5601
7-9	无形	wúxíng	10714
7-9	无须	wúxū	11845
7-9	无意	wúyì	6944
7-9	无忧无虑	wúyōu-wúlǜ	19001
7-9	无缘	wúyuán	13331
7-9	无知	wúzhī	7484
7-9	捂	wǔ	11743
7-9	舞	wǔ	1675
7-9	五官	wǔguān	
7-9	五花八门	wǔhuā-bāmén	27751
7-9	五湖四海	wǔhú-sìhǎi	
7-9	武力	wǔlì	10347
7-9	侮辱	wǔrǔ	6712
7-9	武侠	wǔxiá	49963
7-9	武装	wǔzhuāng	3152
7-9	勿	wù	6999
7-9	务必	wùbì	10677
7-9	误差	wùchā	15847
7-9	误导	wùdǎo	9535
7-9	务工	wùgōng	
7-9	物力	wùlì	
7-9	物流	wùliú	34629
7-9	物美价廉	wùměi-jiàlián	29995
7-9	误区	wùqū	26395
7-9	物色	wùsè	
7-9	务实	wùshí	20393
7-9	物证	wùzhèng	17180
7-9	物种	wùzhǒng	
7-9	物资	wùzī	9165
7-9	稀	xī	8894
7-9	溪	xī	7590
7-9	吸毒	xīdú	6447
7-9	膝盖	xīgài	5803
7-9	稀罕	xīhan	16474
7-9	熄火	xīhuǒ	18547
7-9	犀利	xīlì	
7-9	奚落	xīluò	
7-9	熄灭	xīmiè	13334
7-9	吸纳	xīnà	20140
7-9	稀奇	xīqí	18938
7-9	昔日	xīrì	14974
7-9	稀少	xīshǎo	20630
7-9	牺牲	xīshēng	3100
7-9	嬉笑	xīxiào	36701
7-9	熙熙攘攘	xīxī-rǎngrǎng	30846
7-9	息息相关	xīxī-xiāngguān	19632
7-9	夕阳	xīyáng	13510
7-9	稀有	xīyǒu	
7-9	锡纸	xīzhǐ	
7-9	席	xí	5971
7-9	袭击	xíjī	1984
7-9	席位	xíwèi	10016
7-9	喜出望外	xǐchūwàngwài	29648
7-9	洗涤	xǐdí	
7-9	喜好	xǐhào	11945
7-9	喜酒	xǐjiǔ	42048
7-9	洗礼	xǐlǐ	12267
7-9	喜怒哀乐	xǐ-nù-āi-lè	26105
7-9	喜庆	xǐqìng	18509
7-9	喜糖	xǐtáng	30010
7-9	喜闻乐见	xǐwén-lèjiàn	43166
7-9	喜洋洋	xǐyángyáng	36979
7-9	喜悦	xǐyuè	7848
7-9	细腻	xìnì	12755
7-9	细微	xìwēi	13506
7-9	虾	xiā	5399
7-9	瞎	xiā	3932
7-9	狭隘	xiá’ài	17946
7-9	瑕疵	xiácī	
7-9	峡谷	xiágǔ	10789
7-9	辖区	xiáqū	
7-9	狭小	xiáxiǎo	17182
7-9	狭义	xiáyì	
7-9	狭窄	xiázhǎi	10765
7-9	下半场	xiàbànchǎng	
7-9	下场	xiàchǎng	7197
7-9	下达	xiàdá	
7-9	下跌	xiàdiē	10596
7-9	吓唬	xiàhu	13521
7-9	下滑	xiàhuá	
7-9	下级	xiàjí	19150
7-9	下令	xiàlìng	7284
7-9	下落	xiàluò	8624
7-9	吓人	xiàrén	6592
7-9	下手	xiàshǒu	5513
7-9	下属	xiàshǔ	7832
7-9	下台	xiàtái	11392
7-9	下调	xiàtiáo	25370
7-9	下行	xiàxíng	
7-9	下意识	xiàyìshí	18088
7-9	下游	xiàyóu	14062
7-9	下坠	xiàzhuì	30023
7-9	掀	xiān	13713
7-9	先锋	xiānfēng	10956
7-9	仙鹤	xiānhè	42178
7-9	鲜活	xiānhuó	14248
7-9	先例	xiānlì	14275
7-9	鲜美	xiānměi	22932
7-9	仙女	xiānnǚ	11436
7-9	掀起	xiānqǐ	8186
7-9	先天	xiāntiān	16558
7-9	纤维	xiānwéi	4880
7-9	鲜血	xiānxuè	6558
7-9	弦	xián	8692
7-9	闲话	xiánhuà	21656
7-9	衔接	xiánjiē	19609
7-9	嫌弃	xiánqì	15715
7-9	嫌疑	xiányí	7043
7-9	闲置	xiánzhì	
7-9	显而易见	xiǎn’éryìjiàn	10457
7-9	显赫	xiǎnhè	18526
7-9	显露	xiǎnlù	
7-9	显示器	xiǎnshìqì	11588
7-9	显微镜	xiǎnwēijìng	
7-9	鲜为人知	xiǎnwéirénzhī	
7-9	显现	xiǎnxiàn	8581
7-9	显性	xiǎnxìng	
7-9	显眼	xiǎnyǎn	13517
7-9	陷	xiàn	6466
7-9	馅	xiàn	
7-9	献	xiàn	4768
7-9	现成	xiànchéng	16759
7-9	限定	xiàndìng	16505
7-9	宪法	xiànfǎ	5123
7-9	陷害	xiànhài	12379
7-9	陷阱	xiànjǐng	6271
7-9	现任	xiànrèn	10005
7-9	线条	xiàntiáo	8512
7-9	现行	xiànxíng	11397
7-9	镶	xiāng	13195
7-9	相伴	xiāngbàn	9989
7-9	相辅相成	xiāngfǔ-xiāngchéng	39443
7-9	相继	xiāngjì	13859
7-9	相近	xiāngjìn	
7-9	香料	xiāngliào	14321
7-9	镶嵌	xiāngqiàn	19000
7-9	乡亲	xiāngqīn	21178
7-9	相识	xiāngshí	8658
7-9	相提并论	xiāngtí-bìnglùn	17200
7-9	相通	xiāngtōng	15457
7-9	乡下	xiāngxia	9308
7-9	香油	xiāngyóu	30870
7-9	相遇	xiāngyù	5707
7-9	相约	xiāngyuē	16205
7-9	祥和	xiánghé	18109
7-9	详尽	xiángjìn	18410
7-9	享	xiǎng	7536
7-9	想方设法	xiǎngfāng-shèfǎ	12483
7-9	响亮	xiǎngliàng	15207
7-9	响应	xiǎngyìng	10032
7-9	享用	xiǎngyòng	
7-9	享有	xiǎngyǒu	7670
7-9	巷	xiàng	9123
7-9	向导	xiàngdǎo	15744
7-9	橡胶	xiàngjiāo	7485
7-9	向来	xiànglái	12301
7-9	相貌	xiàngmào	
7-9	像样	xiàngyàng	14848
7-9	消	xiāo	5407
7-9	销	xiāo	11332
7-9	削	xiāo	9051
7-9	消沉	xiāochén	18836
7-9	销毁	xiāohuǐ	9028
7-9	消磨	xiāomó	
7-9	消遣	xiāoqiǎn	15871
7-9	潇洒	xiāosǎ	10096
7-9	萧条	xiāotiáo	16548
7-9	嚣张	xiāozhāng	
7-9	小菜一碟	xiǎocài-yìdié	
7-9	小丑	xiǎochǒu	10969
7-9	小费	xiǎofèi	17358
7-9	小看	xiǎokàn	13789
7-9	小康	xiǎokāng	27618
7-9	小品	xiǎopǐn	8510
7-9	小人	xiǎorén	7656
7-9	小提琴	xiǎotíqín	12077
7-9	小心翼翼	xiǎoxīn-yìyì	11125
7-9	效仿	xiàofǎng	21781
7-9	孝敬	xiàojìng	23538
7-9	效力	xiàolì	6954
7-9	孝顺	xiàoshùn	17571
7-9	肖像	xiàoxiàng	16725
7-9	效益	xiàoyì	16352
7-9	邪	xié	5941
7-9	挟持	xiéchí	19182
7-9	协定	xiédìng	7490
7-9	邪恶	xié’è	4300
7-9	协商	xiéshāng	7011
7-9	携手	xiéshǒu	9426
7-9	协同	xiétóng	12214
7-9	协作	xiézuò	9517
7-9	写照	xiězhào	18487
7-9	泄	xiè	10624
7-9	泻	xiè	15896
7-9	卸	xiè	8077
7-9	谢绝	xièjué	24810
7-9	泄漏	xièlòu	8141
7-9	泄露	xièlòu	7731
7-9	泄密	xièmì	18653
7-9	泄气	xièqì	22620
7-9	卸任	xièrèn	
7-9	卸载	xièzài	
7-9	心安理得	xīn’ān-lǐdé	25820
7-9	心病	xīnbìng	27340
7-9	心肠	xīncháng	17817
7-9	新潮	xīncháo	17692
7-9	新陈代谢	xīnchén-dàixiè	16136
7-9	薪酬	xīnchóu	
7-9	新春	xīnchūn	
7-9	心得	xīndé	14908
7-9	心甘情愿	xīngān-qíngyuàn	
7-9	心慌	xīnhuāng	27384
7-9	心急如焚	xīnjí-rúfén	32937
7-9	心灵手巧	xīnlíng-shǒuqiǎo	44403
7-9	芯片	xīnpiàn	4335
7-9	新奇	xīnqí	13235
7-9	辛勤	xīnqín	11878
7-9	心声	xīnshēng	8599
7-9	新生	xīnshēng	6116
7-9	心事	xīnshì	9447
7-9	新式	xīnshì	15606
7-9	新手	xīnshǒu	10247
7-9	心思	xīnsi	5582
7-9	心酸	xīnsuān	20160
7-9	辛酸	xīnsuān	26445
7-9	欣慰	xīnwèi	8454
7-9	欣喜	xīnxǐ	13520
7-9	心想事成	xīnxiǎng-shìchéng	17746
7-9	欣欣向荣	xīnxīn-xiàngróng	32921
7-9	心胸	xīnxiōng	14296
7-9	心血	xīnxuè	10451
7-9	心眼儿	xīnyǎnr	55439
7-9	心意	xīnyì	7619
7-9	信贷	xìndài	12373
7-9	信件	xìnjiàn	9107
7-9	信仰	xìnyǎng	3912
7-9	信誉	xìnyù	10182
7-9	腥	xīng	15338
7-9	兴奋剂	xīngfènjì	11692
7-9	星级	xīngjí	
7-9	兴建	xīngjiàn	17808
7-9	兴隆	xīnglóng	26149
7-9	星球	xīngqiú	
7-9	兴盛	xīngshèng	
7-9	兴旺	xīngwàng	21132
7-9	星系	xīngxì	
7-9	猩猩	xīngxing	15070
7-9	星座	xīngzuò	6353
7-9	刑法	xíngfǎ	15273
7-9	刑事	xíngshì	5397
7-9	行使	xíngshǐ	8152
7-9	行星	xíngxīng	
7-9	形形色色	xíngxíngsèsè	22513
7-9	形影不离	xíngyǐng-bùlí	24715
7-9	行政	xíngzhèng	3843
7-9	醒目	xǐngmù	12299
7-9	醒悟	xǐngwù	16036
7-9	幸存	xìngcún	15246
7-9	性感	xìnggǎn	2157
7-9	兴高采烈	xìnggāo-cǎiliè	21103
7-9	幸好	xìnghǎo	5735
7-9	幸亏	xìngkuī	10426
7-9	幸免	xìngmiǎn	17067
7-9	性命	xìngmìng	6391
7-9	性情	xìngqíng	13762
7-9	姓氏	xìngshì	14616
7-9	兴致	xìngzhì	13570
7-9	凶	xiōng	4364
7-9	凶残	xiōngcán	12697
7-9	凶恶	xiōng’è	21192
7-9	凶狠	xiōnghěn	16248
7-9	胸怀	xiōnghuái	17578
7-9	凶猛	xiōngměng	13921
7-9	凶手	xiōngshǒu	5045
7-9	胸膛	xiōngtáng	14528
7-9	汹涌	xiōngyǒng	16474
7-9	胸有成竹	xiōngyǒuchéngzhú	26904
7-9	雄厚	xiónghòu	19383
7-9	雄伟	xióngwěi	21406
7-9	雄性	xióngxìng	
7-9	修补	xiūbǔ	10271
7-9	修长	xiūcháng	18026
7-9	羞耻	xiūchǐ	16207
7-9	休克	xiūkè	11253
7-9	羞愧	xiūkuì	13779
7-9	休眠	xiūmián	25787
7-9	休想	xiūxiǎng	17275
7-9	休养	xiūyǎng	18052
7-9	修养	xiūyǎng	13316
7-9	修正	xiūzhèng	8722
7-9	绣	xiù	12463
7-9	锈	xiù	16722
7-9	嗅	xiù	
7-9	嗅觉	xiùjué	15998
7-9	秀丽	xiùlì	26034
7-9	秀美	xiùměi	29506
7-9	袖手旁观	xiùshǒu-pángguān	21626
7-9	袖珍	xiùzhēn	27717
7-9	须	xū	4564
7-9	虚	xū	5892
7-9	虚构	xūgòu	10616
7-9	虚幻	xūhuàn	15889
7-9	虚假	xūjiǎ	7341
7-9	虚拟	xūnǐ	8167
7-9	虚荣	xūróng	18427
7-9	虚弱	xūruò	9500
7-9	虚伪	xūwěi	8706
7-9	须知	xūzhī	30839
7-9	徐徐	xúxú	25996
7-9	许	xǔ	2038
7-9	许愿	xǔyuàn	
7-9	序	xù	11610
7-9	续	xù	7378
7-9	絮叨	xùdao	43697
7-9	续航	xùháng	
7-9	酗酒	xùjiǔ	13274
7-9	序列	xùliè	
7-9	畜牧	xùmù	34533
7-9	序幕	xùmù	17209
7-9	旭日	xùrì	32316
7-9	序言	xùyán	36371
7-9	宣称	xuānchēng	6974
7-9	宣读	xuāndú	11262
7-9	宣告	xuāngào	9186
7-9	喧哗	xuānhuá	24091
7-9	喧闹	xuānnào	19046
7-9	宣誓	xuānshì	10963
7-9	宣泄	xuānxiè	15140
7-9	宣言	xuānyán	7322
7-9	宣扬	xuānyáng	11582
7-9	玄	xuán	10533
7-9	悬	xuán	7493
7-9	悬挂	xuánguà	14021
7-9	玄机	xuánjī	24532
7-9	旋律	xuánlǜ	8207
7-9	悬念	xuánniàn	11315
7-9	悬殊	xuánshū	20622
7-9	旋涡	xuánwō	37673
7-9	悬崖	xuányá	10937
7-9	选举	xuǎnjǔ	3104
7-9	选民	xuǎnmín	9017
7-9	选项	xuǎnxiàng	11774
7-9	选用	xuǎnyòng	15557
7-9	炫耀	xuànyào	7910
7-9	削减	xuējiǎn	
7-9	削弱	xuēruò	11259
7-9	靴子	xuēzi	7637
7-9	学识	xuéshí	
7-9	学士	xuéshì	17708
7-9	学说	xuéshuō	17578
7-9	穴位	xuéwèi	22704
7-9	学业	xuéyè	9622
7-9	学子	xuézǐ	37016
7-9	雪山	xuěshān	11115
7-9	雪上加霜	xuěshàng-jiāshuāng	19891
7-9	血脉	xuèmài	16612
7-9	血缘	xuèyuán	14542
7-9	熏	xūn	7339
7-9	熏陶	xūntáo	25457
7-9	勋章	xūnzhāng	3956
7-9	旬	xún	
7-9	寻	xún	3606
7-9	寻常	xúncháng	6708
7-9	巡回	xúnhuí	
7-9	巡逻	xúnluó	5903
7-9	寻觅	xúnmì	14135
7-9	巡视	xúnshì	
7-9	循序渐进	xúnxù-jiànjìn	25628
7-9	训	xùn	5758
7-9	驯	xùn	11376
7-9	迅猛	xùnměng	
7-9	逊色	xùnsè	25216
7-9	押	yā	5343
7-9	压倒	yādǎo	15711
7-9	压迫	yāpò	7597
7-9	鸦雀无声	yāquè-wúshēng	43787
7-9	丫头	yātou	6329
7-9	压抑	yāyì	6607
7-9	压榨	yāzhà	20212
7-9	压制	yāzhì	8746
7-9	压轴	yāzhòu	
7-9	芽	yá	12443
7-9	哑	yǎ	12656
7-9	揠苗助长	yàmiáo-zhùzhǎng	
7-9	烟囱	yāncōng	15613
7-9	咽喉	yānhóu	15508
7-9	烟花	yānhuā	7136
7-9	烟火	yānhuǒ	14459
7-9	延	yán	7305
7-9	沿岸	yán’àn	17154
7-9	言辞	yáncí	16596
7-9	延缓	yánhuǎn	14949
7-9	严谨	yánjǐn	12950
7-9	严峻	yánjùn	9120
7-9	言论	yánlùn	6492
7-9	严密	yánmì	8320
7-9	岩石	yánshí	7234
7-9	沿途	yántú	15332
7-9	阎王	Yánwang	27587
7-9	延误	yánwù	12237
7-9	沿线	yánxiàn	37401
7-9	言行	yánxíng	12249
7-9	沿用	yányòng	
7-9	演变	yǎnbiàn	9829
7-9	掩耳盗铃	yǎn’ěr-dàolíng	
7-9	掩盖	yǎngài	6257
7-9	眼红	yǎnhóng	25358
7-9	掩护	yǎnhù	7317
7-9	演化	yǎnhuà	
7-9	演技	yǎnjì	9630
7-9	眼界	yǎnjiè	16720
7-9	演练	yǎnliàn	13826
7-9	眼色	yǎnsè	20729
7-9	眼神	yǎnshén	2911
7-9	衍生	yǎnshēng	20747
7-9	掩饰	yǎnshì	6255
7-9	演示	yǎnshì	8584
7-9	演说	yǎnshuō	10349
7-9	演习	yǎnxí	6261
7-9	眼下	yǎnxià	6919
7-9	演绎	yǎnyì	5431
7-9	咽	yàn	9313
7-9	验	yàn	7908
7-9	厌烦	yànfán	13120
7-9	厌倦	yànjuàn	7767
7-9	艳丽	yànlì	26439
7-9	验收	yànshōu	18985
7-9	厌恶	yànwù	7894
7-9	燕子	yànzi	18534
7-9	秧歌	yāngge	34752
7-9	扬	yáng	6047
7-9	阳历	yánglì	
7-9	杨树	yángshù	43758
7-9	阳性	yángxìng	6067
7-9	洋溢	yángyì	22369
7-9	养活	yǎnghuo	11652
7-9	养生	yǎngshēng	27107
7-9	仰望	yǎngwàng	
7-9	养育	yǎngyù	
7-9	养殖	yǎngzhí	19446
7-9	样本	yàngběn	5611
7-9	样品	yàngpǐn	7037
7-9	邀	yāo	6695
7-9	妖怪	yāoguài	12672
7-9	窑	yáo	14714
7-9	摇摆	yáobǎi	12557
7-9	摇晃	yáohuàng	13559
7-9	遥控	yáokòng	11466
7-9	摇篮	yáolán	14968
7-9	谣言	yáoyán	8381
7-9	摇摇欲坠	yáoyáo-yùzhuì	26421
7-9	药材	yàocái	29493
7-9	药方	yàofāng	18652
7-9	要害	yàohài	12297
7-9	要好	yàohǎo	11824
7-9	要紧	yàojǐn	10172
7-9	要领	yàolǐng	26676
7-9	要命	yàomìng	7960
7-9	要强	yàoqiáng	25212
7-9	耀眼	yàoyǎn	9264
7-9	椰子	yēzi	16865
7-9	野餐	yěcān	25267
7-9	野蛮	yěmán	8048
7-9	野兽	yěshòu	9614
7-9	野心	yěxīn	10351
7-9	夜班	yèbān	11872
7-9	业绩	yèjì	8094
7-9	液晶	yèjīng	15199
7-9	夜校	yèxiào	24385
7-9	夜宵	yèxiāo	
7-9	夜以继日	yèyǐjìrì	28406
7-9	依	yī	3723
7-9	依次	yīcì	13888
7-9	依法	yīfǎ	9449
7-9	依附	yīfù	
7-9	衣裳	yīshang	24542
7-9	依托	yītuō	20466
7-9	医务	yīwù	9497
7-9	一线	yīxiàn	7391
7-9	依依不舍	yīyī-bùshě	34544
7-9	依照	yīzhào	8772
7-9	仪表	yíbiǎo	12333
7-9	一并	yíbìng	
7-9	疑点	yídiǎn	15992
7-9	一动不动	yídòng-búdòng	16188
7-9	一度	yídù	8225
7-9	一概	yígài	23649
7-9	一概而论	yígài’érlùn	47671
7-9	一晃	yíhuàng	26016
7-9	移交	yíjiāo	9811
7-9	一技之长	yíjìzhīcháng	36099
7-9	宜居	yíjū	
7-9	遗留	yíliú	11284
7-9	遗漏	yílòu	
7-9	疑虑	yílǜ	11913
7-9	一面	yímiàn	2535
7-9	一目了然	yímù-liǎorán	18968
7-9	遗弃	yíqì	10752
7-9	怡然自得	yírán-zìdé	51833
7-9	宜人	yírén	
7-9	遗失	yíshī	10473
7-9	一事无成	yíshì-wúchéng	22215
7-9	遗体	yítǐ	8520
7-9	遗忘	yíwàng	6299
7-9	一味	yíwèi	21515
7-9	遗物	yíwù	18820
7-9	移植	yízhí	4158
7-9	遗嘱	yízhǔ	11396
7-9	矣	yǐ	12662
7-9	倚	yǐ	19232
7-9	以身作则	yǐshēn-zuòzé	26601
7-9	以致	yǐzhì	10543
7-9	以至于	yǐzhìyú	8091
7-9	议	yì	9694
7-9	亦	yì	3970
7-9	译	yì	12694
7-9	溢	yì	13031
7-9	议程	yìchéng	12971
7-9	一成不变	yìchéng-búbiàn	19445
7-9	一筹莫展	yìchóu-mòzhǎn	31915
7-9	一干二净	yìgān-èrjìng	23050
7-9	义工	yìgōng	32774
7-9	一鼓作气	yìgǔ-zuòqì	34580
7-9	一经	yìjīng	19599
7-9	一举	yìjǔ	12406
7-9	一举两得	yìjǔ-liǎngdé	30782
7-9	一举一动	yìjǔ-yídòng	13650
7-9	异口同声	yìkǒu-tóngshēng	27668
7-9	易拉罐	yìlāguàn	28228
7-9	一揽子	yìlǎnzi	27919
7-9	屹立	yìlì	21479
7-9	毅力	yìlì	15355
7-9	一连	yìlián	18593
7-9	一连串	yìliánchuàn	11835
7-9	意料	yìliào	10688
7-9	一毛不拔	yìmáo-bùbá	75450
7-9	疫苗	yìmiáo	5922
7-9	一旁	yìpáng	7919
7-9	一齐	yìqí	13522
7-9	毅然	yìrán	27444
7-9	一如既往	yìrú-jìwǎng	9416
7-9	一声不吭	yìshēng-bùkēng	26480
7-9	一手	yìshǒu	7866
7-9	一丝不苟	yìsī-bùgǒu	21385
7-9	一塌糊涂	yìtāhútú	11014
7-9	议题	yìtí	13627
7-9	一体	yìtǐ	7220
7-9	一头	yìtóu	9187
7-9	意图	yìtú	6740
7-9	亿万	yìwàn	
7-9	意味	yìwèi	
7-9	一无所有	yìwúsuǒyǒu	11565
7-9	一无所知	yìwúsuǒzhī	11975
7-9	意向	yìxiàng	13480
7-9	意想不到	yìxiǎng-búdào	10435
7-9	异想天开	yìxiǎng-tiānkāi	27249
7-9	一心	yìxīn	9183
7-9	一行	yìxíng	13419
7-9	异性	yìxìng	5644
7-9	一心一意	yìxīn-yíyì	19090
7-9	一言不发	yìyán-bùfā	18750
7-9	抑扬顿挫	yìyáng-dùncuò	55315
7-9	一言一行	yìyán-yìxíng	37817
7-9	异议	yìyì	9182
7-9	一应俱全	yìyīng-jùquán	31560
7-9	抑郁	yìyù	8298
7-9	意愿	yìyuàn	5947
7-9	抑郁症	yìyùzhèng	13332
7-9	一早	yìzǎo	6719
7-9	一针见血	yìzhēn-jiànxiě	
7-9	意志	yìzhì	4774
7-9	阴暗	yīn’àn	12522
7-9	因地制宜	yīndì-zhìyí	
7-9	阴历	yīnlì	
7-9	阴谋	yīnmóu	5006
7-9	殷勤	yīnqín	27419
7-9	因人而异	yīnrén’éryì	32691
7-9	音响	yīnxiǎng	8563
7-9	阴性	yīnxìng	8426
7-9	阴影	yīnyǐng	5588
7-9	银幕	yínmù	16291
7-9	瘾	yǐn	7327
7-9	隐蔽	yǐnbì	9346
7-9	隐含	yǐnhán	
7-9	隐患	yǐnhuàn	11919
7-9	引荐	yǐnjiàn	
7-9	引经据典	yǐnjīng-jùdiǎn	49890
7-9	引领	yǐnlǐng	8946
7-9	隐瞒	yǐnmán	5947
7-9	引擎	yǐnqíng	4502
7-9	隐情	yǐnqíng	28207
7-9	引人入胜	yǐnrén-rùshèng	26589
7-9	引人注目	yǐnrén-zhùmù	9290
7-9	隐形	yǐnxíng	8831
7-9	隐性	yǐnxìng	21205
7-9	引用	yǐnyòng	7851
7-9	引诱	yǐnyòu	11617
7-9	隐约	yǐnyuē	17193
7-9	印章	yìnzhāng	15423
7-9	印证	yìnzhèng	20138
7-9	鹰	yīng	5195
7-9	英俊	yīngjùn	8920
7-9	英明	yīngmíng	16155
7-9	英勇	yīngyǒng	7835
7-9	应有尽有	yīngyǒu-jìnyǒu	18982
7-9	荧光	yíngguāng	13583
7-9	迎合	yínghé	13117
7-9	赢家	yíngjiā	11299
7-9	营救	yíngjiù	9598
7-9	盈利	yínglì	9004
7-9	营利	yínglì	
7-9	迎面	yíngmiàn	18956
7-9	营销	yíngxiāo	
7-9	营造	yíngzào	8857
7-9	影像	yǐngxiàng	5203
7-9	应	yìng	999
7-9	硬币	yìngbì	8735
7-9	应酬	yìngchou	16229
7-9	应付	yìngfu	4308
7-9	应急	yìngjí	6487
7-9	硬朗	yìnglang	22706
7-9	硬盘	yìngpán	5591
7-9	应邀	yìngyāo	19976
7-9	拥护	yōnghù	10681
7-9	庸俗	yōngsú	19483
7-9	涌	yǒng	7443
7-9	永恒	yǒnghéng	5499
7-9	永久	yǒngjiǔ	7342
7-9	勇往直前	yǒngwǎng-zhíqián	20605
7-9	踊跃	yǒngyuè	38961
7-9	用意	yòngyì	14706
7-9	忧愁	yōuchóu	17511
7-9	忧虑	yōulǜ	10453
7-9	优胜劣汰	yōushèng-liètài	30236
7-9	悠闲	yōuxián	13882
7-9	优雅	yōuyǎ	4257
7-9	忧郁	yōuyù	8164
7-9	优越	yōuyuè	12558
7-9	邮编	yóubiān	21261
7-9	游船	yóuchuán	21760
7-9	油画	yóuhuà	10696
7-9	油腻	yóunì	18917
7-9	油漆	yóuqī	10378
7-9	尤为	yóuwéi	17205
7-9	游行	yóuxíng	5773
7-9	犹豫不决	yóuyù-bùjué	18782
7-9	邮政	yóuzhèng	12169
7-9	由衷	yóuzhōng	14868
7-9	有待	yǒudài	9654
7-9	有的放矢	yǒudì-fàngshǐ	56118
7-9	友人	yǒurén	18153
7-9	友善	yǒushàn	11688
7-9	有声有色	yǒushēng-yǒusè	42205
7-9	有条不紊	yǒutiáo-bùwěn	21130
7-9	有望	yǒuwàng	11461
7-9	有幸	yǒuxìng	9817
7-9	有意	yǒuyì	4661
7-9	有朝一日	yǒuzhāo-yírì	20719
7-9	诱饵	yòu’ěr	16190
7-9	诱发	yòufā	15926
7-9	诱惑	yòuhuò	3997
7-9	诱人	yòurén	7738
7-9	幼稚	yòuzhì	6903
7-9	淤泥	yūní	
7-9	余	yú	8291
7-9	渔船	yúchuán	13146
7-9	愚蠢	yúchǔn	5764
7-9	余地	yúdì	8721
7-9	愚公移山	yúgōng-yíshān	50260
7-9	舆论	yúlùn	9147
7-9	愚昧	yúmèi	18748
7-9	渔民	yúmín	16659
7-9	逾期	yúqī	23749
7-9	愉悦	yúyuè	
7-9	与否	yǔfǒu	7060
7-9	与日俱增	yǔrì-jùzēng	27300
7-9	与时俱进	yǔshí-jùjìn	1000000
7-9	予以	yǔyǐ	8707
7-9	与众不同	yǔzhòng-bùtóng	6561
7-9	宇宙	yǔzhòu	3871
7-9	玉	yù	5296
7-9	愈	yù	6850
7-9	预备	yùbèi	7752
7-9	预感	yùgǎn	8942
7-9	预告	yùgào	9153
7-9	愈合	yùhé	8852
7-9	愈加	yùjiā	
7-9	预见	yùjiàn	8600
7-9	预警	yùjǐng	
7-9	郁闷	yùmèn	
7-9	遇难	yùnàn	9459
7-9	预赛	yùsài	19145
7-9	预示	yùshì	12060
7-9	预售	yùshòu	29955
7-9	预算	yùsuàn	3840
7-9	遇险	yùxiǎn	24828
7-9	预先	yùxiān	10460
7-9	预言	yùyán	7075
7-9	寓言	yùyán	26341
7-9	愈演愈烈	yùyǎn-yùliè	19539
7-9	寓意	yùyì	18653
7-9	预兆	yùzhào	20165
7-9	冤	yuān	17435
7-9	冤枉	yuānwang	12372
7-9	渊源	yuānyuán	18462
7-9	原创	yuánchuàng	1000000
7-9	缘分	yuánfèn	11799
7-9	原告	yuángào	6377
7-9	缘故	yuángù	7942
7-9	元老	yuánlǎo	17065
7-9	园区	yuánqū	
7-9	源泉	yuánquán	13484
7-9	元首	yuánshǒu	8471
7-9	源头	yuántóu	8224
7-9	原型	yuánxíng	12078
7-9	源源不断	yuányuán-búduàn	18347
7-9	源远流长	yuányuǎn-liúcháng	
7-9	原汁原味	yuánzhī-yuánwèi	27889
7-9	援助	yuánzhù	4393
7-9	原装	yuánzhuāng	21967
7-9	远见	yuǎnjiàn	18215
7-9	远近闻名	yuǎnjìn-wénmíng	41183
7-9	怨	yuàn	6771
7-9	怨恨	yuànhèn	11813
7-9	怨气	yuànqì	22352
7-9	院士	yuànshì	52481
7-9	怨言	yuànyán	18582
7-9	曰	yuē	15711
7-9	约定俗成	yuēdìng-súchéng	53683
7-9	乐队	yuèduì	3860
7-9	悦耳	yuè’ěr	23721
7-9	越发	yuèfā	13246
7-9	岳父	yuèfù	15555
7-9	越过	yuèguò	8860
7-9	阅览	yuèlǎn	
7-9	阅历	yuèlì	21027
7-9	岳母	yuèmǔ	20019
7-9	乐谱	yuèpǔ	27699
7-9	晕头转向	yūntóu-zhuànxiàng	
7-9	陨石	yǔnshí	16248
7-9	熨	yùn	20839
7-9	蕴藏	yùncáng	20995
7-9	运筹帷幄	yùnchóu-wéiwò	
7-9	孕妇	yùnfù	7177
7-9	蕴含	yùnhán	
7-9	运河	yùnhé	13041
7-9	酝酿	yùnniàng	11059
7-9	运算	yùnsuàn	15793
7-9	韵味	yùnwèi	20325
7-9	孕育	yùnyù	13877
7-9	运转	yùnzhuǎn	6506
7-9	运作	yùnzuò	3448
7-9	砸	zá	2037
7-9	杂技	zájì	15170
7-9	杂交	zájiāo	14159
7-9	杂乱无章	záluàn-wúzhāng	34808
7-9	栽	zāi	8512
7-9	栽培	zāipéi	15725
7-9	栽赃	zāizāng	
7-9	宰	zǎi	5527
7-9	再度	zàidù	5508
7-9	再接再厉	zàijiē-zàilì	23317
7-9	在所难免	zàisuǒnánmiǎn	
7-9	载体	zàitǐ	18861
7-9	再现	zàixiàn	10909
7-9	在职	zàizhí	16273
7-9	攒	zǎn	11208
7-9	暂	zàn	8838
7-9	赞不绝口	zànbùjuékǒu	24518
7-9	赞美	zànměi	7340
7-9	暂且	zànqiě	20166
7-9	赞叹	zàntàn	16824
7-9	赞许	zànxǔ	24179
7-9	赞扬	zànyáng	9387
7-9	赞助	zànzhù	5290
7-9	葬	zàng	11836
7-9	葬礼	zànglǐ	9283
7-9	糟粕	zāopò	
7-9	糟蹋	zāotà	16341
7-9	遭殃	zāoyāng	21901
7-9	凿	záo	17288
7-9	枣	zǎo	24961
7-9	早年	zǎonián	17977
7-9	早日	zǎorì	8155
7-9	灶	zào	
7-9	造福	zàofú	18627
7-9	造价	zàojià	25685
7-9	造假	zàojiǎ	15884
7-9	造就	zàojiù	8826
7-9	责备	zébèi	12948
7-9	责怪	zéguài	10912
7-9	贼	zéi	3807
7-9	增产	zēngchǎn	5858
7-9	增收	zēngshōu	34528
7-9	增速	zēngsù	
7-9	增添	zēngtiān	11519
7-9	增值	zēngzhí	19210
7-9	渣	zhā	4720
7-9	扎根	zhāgēn	20613
7-9	扎实	zhāshi	16716
7-9	闸	zhá	13900
7-9	眨眼	zhǎyǎn	11342
7-9	榨	zhà	10020
7-9	炸弹	zhàdàn	3453
7-9	诈骗	zhàpiàn	6909
7-9	炸药	zhàyào	7656
7-9	摘要	zhāiyào	15351
7-9	债	zhài	5172
7-9	债券	zhàiquàn	7583
7-9	债务	zhàiwù	5497
7-9	沾	zhān	5557
7-9	占卜	zhānbǔ	24286
7-9	沾光	zhānguāng	57428
7-9	瞻仰	zhānyǎng	31432
7-9	斩	zhǎn	9472
7-9	盏	zhǎn	8983
7-9	斩钉截铁	zhǎndīng-jiétiě	35900
7-9	展望	zhǎnwàng	12326
7-9	辗转	zhǎnzhuǎn	
7-9	蘸	zhàn	14207
7-9	战场	zhànchǎng	4405
7-9	绽放	zhànfàng	12206
7-9	站立	zhànlì	11694
7-9	占领	zhànlǐng	6042
7-9	战略	zhànlüè	3278
7-9	战士	zhànshì	2973
7-9	战术	zhànshù	4242
7-9	战役	zhànyì	7305
7-9	占用	zhànyòng	6832
7-9	战友	zhànyǒu	8543
7-9	章程	zhāngchéng	15269
7-9	张灯结彩	zhāngdēng-jiécǎi	63826
7-9	张贴	zhāngtiē	15794
7-9	张扬	zhāngyáng	10725
7-9	掌舵	zhǎngduò	
7-9	涨幅	zhǎngfú	
7-9	掌管	zhǎngguǎn	14059
7-9	长相	zhǎngxiàng	8331
7-9	涨	zhàng	4020
7-9	胀	zhàng	12289
7-9	帐篷	zhàngpeng	7940
7-9	招标	zhāobiāo	19253
7-9	招揽	zhāolǎn	21908
7-9	招募	zhāomù	8938
7-9	招牌	zhāopai	9174
7-9	朝气蓬勃	zhāoqì-péngbó	35838
7-9	朝三暮四	zhāosān-mùsì	59231
7-9	招商	zhāoshāng	
7-9	招数	zhāoshù	14163
7-9	朝夕相处	zhāoxī-xiāngchǔ	34005
7-9	着迷	zháomí	12593
7-9	沼泽	zhǎozé	15922
7-9	罩	zhào	6107
7-9	照办	zhàobàn	21771
7-9	照常	zhàocháng	15387
7-9	召集	zhàojí	6613
7-9	照例	zhàolì	25802
7-9	照料	zhàoliào	11806
7-9	照射	zhàoshè	
7-9	肇事	zhàoshì	9468
7-9	兆头	zhàotou	40377
7-9	照样	zhàoyàng	9598
7-9	照耀	zhàoyào	13897
7-9	遮	zhē	8541
7-9	遮挡	zhēdǎng	23348
7-9	遮盖	zhēgài	21080
7-9	折腾	zhēteng	6707
7-9	折叠	zhédié	13701
7-9	折合	zhéhé	31485
7-9	哲理	zhélǐ	
7-9	折磨	zhémó	3782
7-9	折射	zhéshè	20161
7-9	珍藏	zhēncáng	12362
7-9	侦查	zhēnchá	
7-9	针锋相对	zhēnfēng-xiāngduì	20666
7-9	针灸	zhēnjiǔ	13266
7-9	真空	zhēnkōng	12073
7-9	真理	zhēnlǐ	5445
7-9	真情	zhēnqíng	10828
7-9	真是	zhēnshi	
7-9	珍视	zhēnshì	22928
7-9	侦探	zhēntàn	8860
7-9	珍稀	zhēnxī	25346
7-9	真心	zhēnxīn	2734
7-9	真挚	zhēnzhì	16317
7-9	珍重	zhēnzhòng	35184
7-9	斟酌	zhēnzhuó	26512
7-9	枕	zhěn	
7-9	诊所	zhěnsuǒ	7286
7-9	震	zhèn	5448
7-9	震荡	zhèndàng	
7-9	阵地	zhèndì	9736
7-9	镇定	zhèndìng	10185
7-9	振动	zhèndòng	11577
7-9	震动	zhèndòng	8530
7-9	振奋	zhènfèn	10653
7-9	震撼	zhènhàn	5156
7-9	镇静	zhènjìng	11463
7-9	震惊	zhènjīng	3938
7-9	阵容	zhènróng	11067
7-9	振兴	zhènxīng	23419
7-9	阵营	zhènyíng	10345
7-9	振作	zhènzuò	11363
7-9	征	zhēng	6191
7-9	蒸	zhēng	9269
7-9	争辩	zhēngbiàn	
7-9	争端	zhēngduān	12915
7-9	蒸发	zhēngfā	10558
7-9	争分夺秒	zhēngfēn-duómiǎo	34909
7-9	征服	zhēngfú	5954
7-9	争光	zhēngguāng	32316
7-9	征集	zhēngjí	17311
7-9	症结	zhēngjié	22958
7-9	争气	zhēngqì	18239
7-9	征收	zhēngshōu	17356
7-9	争相	zhēngxiāng	
7-9	争先恐后	zhēngxiān-kǒnghòu	27476
7-9	正月	zhēngyuè	24741
7-9	挣扎	zhēngzhá	4837
7-9	争执	zhēngzhí	7481
7-9	整顿	zhěngdùn	11404
7-9	整合	zhěnghé	9593
7-9	整洁	zhěngjié	10954
7-9	拯救	zhěngjiù	4187
7-9	整数	zhěngshù	24165
7-9	整治	zhěngzhì	18458
7-9	正版	zhèngbǎn	46413
7-9	正当	zhèngdàng	4824
7-9	政党	zhèngdǎng	12675
7-9	正经	zhèngjing	8992
7-9	正能量	zhèngnéngliàng	1000000
7-9	正气	zhèngqì	27510
7-9	政权	zhèngquán	7321
7-9	证券	zhèngquàn	
7-9	证人	zhèngrén	6180
7-9	正视	zhèngshì	13172
7-9	正直	zhèngzhí	10756
7-9	郑重	zhèngzhòng	11923
7-9	正宗	zhèngzōng	12466
7-9	之	zhī	160
7-9	织	zhī	5952
7-9	之际	zhījì	
7-9	知己	zhījǐ	12989
7-9	支架	zhījià	
7-9	知觉	zhījué	9920
7-9	支流	zhīliú	27337
7-9	芝麻	zhīma	10752
7-9	支配	zhīpèi	8015
7-9	支票	zhīpiào	8607
7-9	知识分子	zhīshifènzǐ	15978
7-9	肢体	zhītǐ	9449
7-9	支援	zhīyuán	4069
7-9	支柱	zhīzhù	9180
7-9	知足	zhīzú	13902
7-9	知足常乐	zhīzú-chánglè	39895
7-9	职称	zhíchēng	
7-9	直达	zhídá	14278
7-9	执法	zhífǎ	3334
7-9	直观	zhíguān	21729
7-9	直径	zhíjìng	10443
7-9	直觉	zhíjué	7284
7-9	职能	zhínéng	15427
7-9	值钱	zhíqián	9069
7-9	直升机	zhíshēngjī	4657
7-9	直视	zhíshì	14441
7-9	直线	zhíxiàn	8100
7-9	直辖市	zhíxiáshì	
7-9	执意	zhíyì	16982
7-9	执照	zhízhào	11711
7-9	直至	zhízhì	7255
7-9	执着	zhízhuó	12841
7-9	纸币	zhǐbì	
7-9	指标	zhǐbiāo	8982
7-9	止步	zhǐbù	17306
7-9	指点	zhǐdiǎn	10947
7-9	只管	zhǐguǎn	15701
7-9	指甲	zhǐjia	6131
7-9	指教	zhǐjiào	21045
7-9	指控	zhǐkòng	
7-9	指令	zhǐlìng	6156
7-9	指南	zhǐnán	8102
7-9	纸上谈兵	zhǐshàng-tánbīng	
7-9	指手画脚	zhǐshǒu-huàjiǎo	22588
7-9	指数	zhǐshù	5185
7-9	指望	zhǐwàng	5232
7-9	指纹	zhǐwén	
7-9	指向	zhǐxiàng	7488
7-9	指引	zhǐyǐn	6095
7-9	旨在	zhǐzài	16107
7-9	致	zhì	3258
7-9	置	zhì	3076
7-9	治安	zhì’ān	3402
7-9	制裁	zhìcái	8936
7-9	致辞	zhìcí	15818
7-9	至此	zhìcǐ	9258
7-9	质地	zhìdì	16862
7-9	制服	zhìfú	6167
7-9	致富	zhìfù	15406
7-9	滞后	zhìhòu	22998
7-9	致敬	zhìjìng	8598
7-9	滞留	zhìliú	15567
7-9	致力于	zhìlìyú	6734
7-9	致命	zhìmìng	5285
7-9	稚嫩	zhìnèn	
7-9	质朴	zhìpǔ	28126
7-9	志气	zhìqì	28346
7-9	智商	zhìshāng	7392
7-9	致使	zhìshǐ	11597
7-9	质问	zhìwèn	12730
7-9	窒息	zhìxī	7332
7-9	志向	zhìxiàng	
7-9	治愈	zhìyù	5099
7-9	志愿	zhìyuàn	8766
7-9	制约	zhìyuē	13919
7-9	制止	zhìzhǐ	6288
7-9	钟	zhōng	1714
7-9	忠诚	zhōngchéng	5148
7-9	终端	zhōngduān	
7-9	忠告	zhōnggào	
7-9	终极	zhōngjí	
7-9	终结	zhōngjié	7108
7-9	终究	zhōngjiū	7641
7-9	中立	zhōnglì	12236
7-9	终生	zhōngshēng	9351
7-9	忠实	zhōngshí	7296
7-9	中途	zhōngtú	8486
7-9	忠心	zhōngxīn	15871
7-9	衷心	zhōngxīn	10293
7-9	中性	zhōngxìng	17507
7-9	中叶	zhōngyè	
7-9	中庸	zhōngyōng	27576
7-9	忠于	zhōngyú	10589
7-9	忠贞	zhōngzhēn	25720
7-9	中止	zhōngzhǐ	9809
7-9	终止	zhōngzhǐ	6256
7-9	肿瘤	zhǒngliú	3230
7-9	种族	zhǒngzú	7348
7-9	仲裁	zhòngcái	13626
7-9	重创	zhòngchuāng	16454
7-9	重量级	zhòngliàngjí	10852
7-9	重任	zhòngrèn	13187
7-9	重型	zhòngxíng	13702
7-9	重用	zhòngyòng	
7-9	众志成城	zhòngzhì-chéngchéng	41428
7-9	重中之重	zhòngzhōngzhīzhòng	31683
7-9	周密	zhōumì	15586
7-9	周岁	zhōusuì	
7-9	周旋	zhōuxuán	18812
7-9	周折	zhōuzhé	20500
7-9	周转	zhōuzhuǎn	19545
7-9	皱	zhòu	7246
7-9	骤然	zhòurán	33542
7-9	皱纹	zhòuwén	9872
7-9	昼夜	zhòuyè	18083
7-9	朱红	zhūhóng	57663
7-9	诸如此类	zhūrú-cǐlèi	18755
7-9	诸位	zhūwèi	9293
7-9	竹竿	zhúgān	26873
7-9	逐年	zhúnián	22226
7-9	逐一	zhúyī	
7-9	拄	zhǔ	25510
7-9	主编	zhǔbiān	7958
7-9	主打	zhǔdǎ	
7-9	嘱咐	zhǔfù	17575
7-9	主力	zhǔlì	9001
7-9	主权	zhǔquán	12890
7-9	主人公	zhǔréngōng	12344
7-9	主体	zhǔtǐ	14949
7-9	主题曲	zhǔtíqǔ	
7-9	嘱托	zhǔtuō	
7-9	主页	zhǔyè	15045
7-9	主义	zhǔyì	2798
7-9	主宰	zhǔzǎi	11908
7-9	注	zhù	2196
7-9	驻	zhù	5499
7-9	筑	zhù	10332
7-9	贮藏	zhùcáng	24432
7-9	著称	zhùchēng	
7-9	住处	zhùchù	8775
7-9	注定	zhùdìng	3545
7-9	住户	zhùhù	10943
7-9	助力	zhùlì	
7-9	注射	zhùshè	3225
7-9	注视	zhùshì	7687
7-9	注释	zhùshì	21479
7-9	助威	zhùwēi	21943
7-9	注销	zhùxiāo	
7-9	蛀牙	zhùyá	
7-9	铸造	zhùzào	14851
7-9	驻扎	zhùzhā	13157
7-9	柱子	zhùzi	15583
7-9	驻足	zhùzú	
7-9	爪子	zhuǎzi	12261
7-9	拽	zhuài	6459
7-9	专长	zhuāncháng	14409
7-9	专程	zhuānchéng	12055
7-9	专柜	zhuānguì	20297
7-9	专辑	zhuānjí	3299
7-9	专栏	zhuānlán	9363
7-9	专卖	zhuānmài	
7-9	专人	zhuānrén	16448
7-9	专项	zhuānxiàng	
7-9	专职	zhuānzhí	13892
7-9	专制	zhuānzhì	17036
7-9	专著	zhuānzhù	18827
7-9	转播	zhuǎnbō	10252
7-9	转达	zhuǎndá	14912
7-9	转化	zhuǎnhuà	7786
7-9	转机	zhuǎnjī	12036
7-9	转型	zhuǎnxíng	12211
7-9	转眼	zhuǎnyǎn	17636
7-9	转载	zhuǎnzǎi	20118
7-9	转折	zhuǎnzhé	15256
7-9	转折点	zhuǎnzhédiǎn	16397
7-9	传	zhuàn	1294
7-9	传记	zhuànjì	16580
7-9	撰写	zhuànxiě	15130
7-9	转悠	zhuànyou	9739
7-9	桩	zhuāng	4450
7-9	装扮	zhuāngbàn	8307
7-9	庄严	zhuāngyán	12335
7-9	庄园	zhuāngyuán	12957
7-9	装置	zhuāngzhì	2991
7-9	庄重	zhuāngzhòng	17692
7-9	幢	zhuàng	5366
7-9	壮	zhuàng	6069
7-9	壮大	zhuàngdà	11982
7-9	壮观	zhuàngguān	9701
7-9	撞击	zhuàngjī	7572
7-9	壮丽	zhuànglì	23422
7-9	壮烈	zhuàngliè	26193
7-9	状元	zhuàngyuan	23703
7-9	追悼	zhuīdào	28513
7-9	追赶	zhuīgǎn	10339
7-9	追捧	zhuīpěng	
7-9	追溯	zhuīsù	12382
7-9	追随	zhuīsuí	10411
7-9	追尾	zhuīwěi	1000000
7-9	追问	zhuīwèn	12504
7-9	追逐	zhuīzhú	7441
7-9	追踪	zhuīzōng	5274
7-9	坠	zhuì	8652
7-9	坠落	zhuìluò	
7-9	准许	zhǔnxǔ	15685
7-9	准则	zhǔnzé	6318
7-9	拙劣	zhuōliè	27134
7-9	捉迷藏	zhuōmícáng	43140
7-9	着力	zhuólì	25274
7-9	着落	zhuóluò	21158
7-9	酌情	zhuóqíng	35706
7-9	灼热	zhuórè	26169
7-9	着实	zhuóshí	13006
7-9	着手	zhuóshǒu	5230
7-9	着想	zhuóxiǎng	8001
7-9	着眼	zhuóyǎn	11269
7-9	卓越	zhuóyuè	10029
7-9	着重	zhuózhòng	15109
7-9	茁壮	zhuózhuàng	
7-9	兹	zī	5397
7-9	资本主义	zīběnzhǔyì	9043
7-9	资历	zīlì	19166
7-9	滋润	zīrùn	11719
7-9	资深	zīshēn	9745
7-9	滋生	zīshēng	
7-9	姿态	zītài	6886
7-9	滋味	zīwèi	5466
7-9	资讯	zīxùn	9530
7-9	资质	zīzhì	
7-9	资助	zīzhù	5290
7-9	籽	zǐ	
7-9	子弹	zǐdàn	4136
7-9	子弟	zǐdì	15306
7-9	子孙	zǐsūn	14649
7-9	自卑	zìbēi	13615
7-9	自称	zìchēng	6216
7-9	自发	zìfā	14028
7-9	自费	zìfèi	30053
7-9	自负	zìfù	12486
7-9	字迹	zìjì	18775
7-9	自立	zìlì	14329
7-9	自理	zìlǐ	21709
7-9	自力更生	zìlì-gēngshēng	17454
7-9	自满	zìmǎn	28624
7-9	自强不息	zìqiáng-bùxī	36274
7-9	自然而然	zìrán’érrán	13203
7-9	自然界	zìránjiè	14883
7-9	自如	zìrú	10772
7-9	自始至终	zìshǐ-zhìzhōng	17560
7-9	自首	zìshǒu	
7-9	自私	zìsī	5778
7-9	字体	zìtǐ	14849
7-9	自卫	zìwèi	12386
7-9	自相矛盾	zìxiāng-máodùn	28620
7-9	自行	zìxíng	7172
7-9	字眼	zìyǎn	12610
7-9	自以为是	zìyǐwéishì	12001
7-9	自在	zìzai	7927
7-9	自责	zìzé	12389
7-9	自治区	zìzhìqū	
7-9	自主	zìzhǔ	6858
7-9	自尊	zìzūn	8402
7-9	宗	zōng	3992
7-9	踪迹	zōngjì	12702
7-9	宗教	zōngjiào	3459
7-9	综艺	zōngyì	
7-9	宗旨	zōngzhǐ	10577
7-9	总额	zǒng’é	12628
7-9	总而言之	zǒng’éryánzhī	19808
7-9	总和	zǒnghé	15265
7-9	纵观	zòngguān	21904
7-9	纵横	zònghéng	18852
7-9	纵然	zòngrán	26104
7-9	纵容	zòngróng	13862
7-9	纵深	zòngshēn	34239
7-9	走过场	zǒuguòchǎng	35620
7-9	走弯路	zǒuwānlù	46527
7-9	走漏	zǒulòu	35406
7-9	走势	zǒushì	
7-9	走私	zǒusī	6907
7-9	走投无路	zǒutóu-wúlù	21040
7-9	走向	zǒuxiàng	
7-9	揍	zòu	6384
7-9	奏效	zòuxiào	12887
7-9	租赁	zūlìn	10185
7-9	足不出户	zúbùchūhù	
7-9	足迹	zújì	11803
7-9	足智多谋	zúzhì-duōmóu	37859
7-9	祖传	zǔchuán	28840
7-9	祖父	zǔfù	11332
7-9	祖籍	zǔjí	38480
7-9	组建	zǔjiàn	6285
7-9	阻拦	zǔlán	15281
7-9	阻力	zǔlì	11777
7-9	祖母	zǔmǔ	12428
7-9	阻挠	zǔnáo	13665
7-9	组装	zǔzhuāng	12300
7-9	祖宗	zǔzong	19716
7-9	钻空子	zuānkòngzi	41378
7-9	钻研	zuānyán	18148
7-9	钻石	zuànshí	4656
7-9	嘴唇	zuǐchún	5750
7-9	罪犯	zuìfàn	5901
7-9	罪魁祸首	zuìkuí-huòshǒu	18017
7-9	尊贵	zūnguì	11538
7-9	遵循	zūnxún	7828
7-9	尊严	zūnyán	5506
7-9	遵照	zūnzhào	13750
7-9	琢磨	zuómo	8593
7-9	左顾右盼	zuǒgù-yòupàn	42319
7-9	作弊	zuòbì	7875
7-9	作对	zuòduì	17854
7-9	作废	zuòfèi	15045
7-9	作风	zuòfēng	5307
7-9	作客	zuòkè	29234
7-9	作料	zuòliao	
7-9	坐落	zuòluò	17181
7-9	座谈	zuòtán	20453
7-9	作为	zuòwéi	405
7-9	作物	zuòwù	15534
7-9	作息	zuòxī	24065
7-9	座右铭	zuòyòumíng	21583
7-9	作战	zuòzhàn	3612
7-9	做证	zuòzhèng	1000000
7-9	做主	zuòzhǔ	12610
